1	Programmata, Ankündigungen 1641 - 1680, 1728, 1730, 1733, 1777	1641 - 1680	1641				0	10
2	Programmata, Ankündigungen 1641 - 1680, 1728, 1730, 1733, 1777	1641 - 1680	1642				10	10
3	Programmata, Ankündigungen 1641 - 1680, 1728, 1730, 1733, 1777	1641 - 1680	1644				20	10
4	Programmata, Ankündigungen 1641 - 1680, 1728, 1730, 1733, 1777	1641 - 1680	1648				30	10
5	Programmata, Ankündigungen 1641 - 1680, 1728, 1730, 1733, 1777	1641 - 1680	1652				40	10
6	Programmata, Ankündigungen 1641 - 1680, 1728, 1730, 1733, 1777	1641 - 1680	1653				50	10
7	Programmata, Ankündigungen 1641 - 1680, 1728, 1730, 1733, 1777	1641 - 1680	1661				60	10
8	Programmata, Ankündigungen 1641 - 1680, 1728, 1730, 1733, 1777	1641 - 1680	1662				70	10
9	Programmata, Ankündigungen 1641 - 1680, 1728, 1730, 1733, 1777	1641 - 1680	1665				80	20
10	Programmata, Ankündigungen 1641 - 1680, 1728, 1730, 1733, 1777	1641 - 1680	1667				100	10
11	Programmata, Ankündigungen 1641 - 1680, 1728, 1730, 1733, 1777	1641 - 1680	1670				110	10
12	Programmata, Ankündigungen 1641 - 1680, 1728, 1730, 1733, 1777	1641 - 1680	1672				120	20
13	Programmata, Ankündigungen 1641 - 1680, 1728, 1730, 1733, 1777	1641 - 1680	1673				140	10
14	Programmata, Ankündigungen 1641 - 1680, 1728, 1730, 1733, 1777	1641 - 1680	1674				150	10
15	Programmata, Ankündigungen 1641 - 1680, 1728, 1730, 1733, 1777	1641 - 1680	1675				160	10
16	Programmata, Ankündigungen 1641 - 1680, 1728, 1730, 1733, 1777	1641 - 1680	1676				170	10
17	Programmata, Ankündigungen 1641 - 1680, 1728, 1730, 1733, 1777	1641 - 1680	1677				180	10
18	Programmata, Ankündigungen 1641 - 1680, 1728, 1730, 1733, 1777	1641 - 1680	1678				190	10
19	Programmata, Ankündigungen 1641 - 1680, 1728, 1730, 1733, 1777	1641 - 1680	1679				200	10
20	Programmata, Ankündigungen 1641 - 1680, 1728, 1730, 1733, 1777	1641 - 1680	1680				210	10
21	Programmata, Ankündigungen 1641 - 1680, 1728, 1730, 1733, 1777	1728, 1730, 1733, 1777	1728				220	2
22	Programmata, Ankündigungen 1641 - 1680, 1728, 1730, 1733, 1777	1728, 1730, 1733, 1777	1730				222	2
23	Programmata, Ankündigungen 1641 - 1680, 1728, 1730, 1733, 1777	1728, 1730, 1733, 1777	1733				224	1
24	Programmata, Ankündigungen 1641 - 1680, 1728, 1730, 1733, 1777	1728, 1730, 1733, 1777	1777				225	1
25	Catalogus lectionum 1774 - 1849 (ab 1830 Catalogus Scholarum)	1774 - 1800	1774	Winterhalbjahr	1774-Winterhalbjahr		226	16
26	Catalogus lectionum 1774 - 1849 (ab 1830 Catalogus Scholarum)	1774 - 1800	1775	Sommerhalbjahr	1775-Sommerhalbjahr		242	17
27	Catalogus lectionum 1774 - 1849 (ab 1830 Catalogus Scholarum)	1774 - 1800	1776	Winterhalbjahr	1776-Winterhalbjahr		259	16
28	Catalogus lectionum 1774 - 1849 (ab 1830 Catalogus Scholarum)	1774 - 1800	1777	Sommerhalbjahr	1777-Sommerhalbjahr		275	17
29	Catalogus lectionum 1774 - 1849 (ab 1830 Catalogus Scholarum)	1774 - 1800	1777 / 1778	Winterhalbjahr	1777 / 1778-Winterhalbjahr		292	20
30	Catalogus lectionum 1774 - 1849 (ab 1830 Catalogus Scholarum)	1774 - 1800	1779	Sommerhalbjahr	1779-Sommerhalbjahr		312	16
31	Catalogus lectionum 1774 - 1849 (ab 1830 Catalogus Scholarum)	1774 - 1800	1779	Winterhalbjahr	1779-Winterhalbjahr		328	19
32	Catalogus lectionum 1774 - 1849 (ab 1830 Catalogus Scholarum)	1774 - 1800	1780	Sommerhalbjahr	1780-Sommerhalbjahr		347	16
33	Catalogus lectionum 1774 - 1849 (ab 1830 Catalogus Scholarum)	1774 - 1800	1780	Winterhalbjahr	1780-Winterhalbjahr		363	20
34	Catalogus lectionum 1774 - 1849 (ab 1830 Catalogus Scholarum)	1774 - 1800	1781	Sommerhalbjahr	1781-Sommerhalbjahr		383	16
35	Catalogus lectionum 1774 - 1849 (ab 1830 Catalogus Scholarum)	1774 - 1800	1781	Winterhalbjahr	1781-Winterhalbjahr		399	16
36	Catalogus lectionum 1774 - 1849 (ab 1830 Catalogus Scholarum)	1774 - 1800	1782	Sommerhalbjahr	1782-Sommerhalbjahr		415	20
37	Catalogus lectionum 1774 - 1849 (ab 1830 Catalogus Scholarum)	1774 - 1800	1782	Winterhalbjahr	1782-Winterhalbjahr		435	16
38	Catalogus lectionum 1774 - 1849 (ab 1830 Catalogus Scholarum)	1774 - 1800	1783	Sommerhalbjahr	1783-Sommerhalbjahr		451	16
39	Catalogus lectionum 1774 - 1849 (ab 1830 Catalogus Scholarum)	1774 - 1800	1783	Winterhalbjahr	1783-Winterhalbjahr		467	20
40	Catalogus lectionum 1774 - 1849 (ab 1830 Catalogus Scholarum)	1774 - 1800	1784	Sommerhalbjahr	1784-Sommerhalbjahr		487	19
41	Catalogus lectionum 1774 - 1849 (ab 1830 Catalogus Scholarum)	1774 - 1800	1784	Winterhalbjahr	1784-Winterhalbjahr		506	19
42	Catalogus lectionum 1774 - 1849 (ab 1830 Catalogus Scholarum)	1774 - 1800	1785	Sommerhalbjahr	1785-Sommerhalbjahr		525	20
43	Catalogus lectionum 1774 - 1849 (ab 1830 Catalogus Scholarum)	1774 - 1800	1785	Winterhalbjahr	1785-Winterhalbjahr		545	20
44	Catalogus lectionum 1774 - 1849 (ab 1830 Catalogus Scholarum)	1774 - 1800	1786	Sommerhalbjahr	1786-Sommerhalbjahr		565	19
45	Catalogus lectionum 1774 - 1849 (ab 1830 Catalogus Scholarum)	1774 - 1800	1786	Winterhalbjahr	1786-Winterhalbjahr		584	20
46	Catalogus lectionum 1774 - 1849 (ab 1830 Catalogus Scholarum)	1774 - 1800	1787	Winterhalbjahr	1787-Winterhalbjahr		604	19
47	Catalogus lectionum 1774 - 1849 (ab 1830 Catalogus Scholarum)	1774 - 1800	1788	Sommerhalbjahr	1788-Sommerhalbjahr		623	20
48	Catalogus lectionum 1774 - 1849 (ab 1830 Catalogus Scholarum)	1774 - 1800	1788	Winterhalbjahr	1788-Winterhalbjahr		643	19
49	Catalogus lectionum 1774 - 1849 (ab 1830 Catalogus Scholarum)	1774 - 1800	1789	Sommerhalbjahr	1789-Sommerhalbjahr		662	20
50	Catalogus lectionum 1774 - 1849 (ab 1830 Catalogus Scholarum)	1774 - 1800	1789	Winterhalbjahr	1789-Winterhalbjahr		682	18
51	Catalogus lectionum 1774 - 1849 (ab 1830 Catalogus Scholarum)	1774 - 1800	1790	Sommerhalbjahr	1790-Sommerhalbjahr		700	20
52	Catalogus lectionum 1774 - 1849 (ab 1830 Catalogus Scholarum)	1774 - 1800	1790	Winterhalbjahr	1790-Winterhalbjahr		720	20
53	Catalogus lectionum 1774 - 1849 (ab 1830 Catalogus Scholarum)	1774 - 1800	1791	Sommerhalbjahr	1791-Sommerhalbjahr		740	20
54	Catalogus lectionum 1774 - 1849 (ab 1830 Catalogus Scholarum)	1774 - 1800	1791	Winterhalbjahr	1791-Winterhalbjahr		760	20
55	Catalogus lectionum 1774 - 1849 (ab 1830 Catalogus Scholarum)	1774 - 1800	1792	Sommerhalbjahr	1792-Sommerhalbjahr		780	20
56	Catalogus lectionum 1774 - 1849 (ab 1830 Catalogus Scholarum)	1774 - 1800	1792	Winterhalbjahr	1792-Winterhalbjahr		800	20
57	Catalogus lectionum 1774 - 1849 (ab 1830 Catalogus Scholarum)	1774 - 1800	1793	Sommerhalbjahr	1793-Sommerhalbjahr		820	20
58	Catalogus lectionum 1774 - 1849 (ab 1830 Catalogus Scholarum)	1774 - 1800	1794	Sommerhalbjahr	1794-Sommerhalbjahr		840	23
59	Catalogus lectionum 1774 - 1849 (ab 1830 Catalogus Scholarum)	1774 - 1800	1794	Winterhalbjahr	1794-Winterhalbjahr		863	22
60	Catalogus lectionum 1774 - 1849 (ab 1830 Catalogus Scholarum)	1774 - 1800	1795	Sommerhalbjahr	1795-Sommerhalbjahr		885	22
61	Catalogus lectionum 1774 - 1849 (ab 1830 Catalogus Scholarum)	1774 - 1800	1795	Winterhalbjahr	1795-Winterhalbjahr		907	23
62	Catalogus lectionum 1774 - 1849 (ab 1830 Catalogus Scholarum)	1774 - 1800	1796	Sommerhalbjahr	1796-Sommerhalbjahr		930	24
63	Catalogus lectionum 1774 - 1849 (ab 1830 Catalogus Scholarum)	1774 - 1800	1796	Winterhalbjahr	1796-Winterhalbjahr		954	24
64	Catalogus lectionum 1774 - 1849 (ab 1830 Catalogus Scholarum)	1774 - 1800	1797	Sommerhalbjahr	1797-Sommerhalbjahr		978	22
65	Catalogus lectionum 1774 - 1849 (ab 1830 Catalogus Scholarum)	1774 - 1800	1797	Winterhalbjahr	1797-Winterhalbjahr		1000	22
66	Catalogus lectionum 1774 - 1849 (ab 1830 Catalogus Scholarum)	1774 - 1800	1798	Sommerhalbjahr	1798-Sommerhalbjahr		1022	23
67	Catalogus lectionum 1774 - 1849 (ab 1830 Catalogus Scholarum)	1774 - 1800	1798	Winterhalbjahr	1798-Winterhalbjahr		1045	22
68	Catalogus lectionum 1774 - 1849 (ab 1830 Catalogus Scholarum)	1774 - 1800	1799	Sommerhalbjahr	1799-Sommerhalbjahr		1067	22
69	Catalogus lectionum 1774 - 1849 (ab 1830 Catalogus Scholarum)	1774 - 1800	1799	Winterhalbjahr	1799-Winterhalbjahr		1089	23
70	Catalogus lectionum 1774 - 1849 (ab 1830 Catalogus Scholarum)	1774 - 1800	1800	Sommerhalbjahr	1800-Sommerhalbjahr		1112	23
71	Catalogus lectionum 1774 - 1849 (ab 1830 Catalogus Scholarum)	1774 - 1800	1800	Winterhalbjahr	1800-Winterhalbjahr		1135	24
72	Catalogus lectionum 1774 - 1849 (ab 1830 Catalogus Scholarum)	1801 - 1820	1801	Winterhalbjahr	1801-Winterhalbjahr		1159	24
73	Catalogus lectionum 1774 - 1849 (ab 1830 Catalogus Scholarum)	1801 - 1820	1802	Sommerhalbjahr	1802-Sommerhalbjahr		1183	23
74	Catalogus lectionum 1774 - 1849 (ab 1830 Catalogus Scholarum)	1801 - 1820	1802	Winterhalbjahr	1802-Winterhalbjahr		1206	22
75	Catalogus lectionum 1774 - 1849 (ab 1830 Catalogus Scholarum)	1801 - 1820	1803	Sommerhalbjahr	1803-Sommerhalbjahr		1228	23
76	Catalogus lectionum 1774 - 1849 (ab 1830 Catalogus Scholarum)	1801 - 1820	1803	Winterhalbjahr	1803-Winterhalbjahr		1251	22
77	Catalogus lectionum 1774 - 1849 (ab 1830 Catalogus Scholarum)	1801 - 1820	1804	Sommerhalbjahr	1804-Sommerhalbjahr		1273	23
78	Catalogus lectionum 1774 - 1849 (ab 1830 Catalogus Scholarum)	1801 - 1820	1804	Winterhalbjahr	1804-Winterhalbjahr		1296	20
79	Catalogus lectionum 1774 - 1849 (ab 1830 Catalogus Scholarum)	1801 - 1820	1805	Sommerhalbjahr	1805-Sommerhalbjahr		1316	19
80	Catalogus lectionum 1774 - 1849 (ab 1830 Catalogus Scholarum)	1801 - 1820	1805	Winterhalbjahr	1805-Winterhalbjahr		1335	18
81	Catalogus lectionum 1774 - 1849 (ab 1830 Catalogus Scholarum)	1801 - 1820	1806	Sommerhalbjahr	1806-Sommerhalbjahr		1353	18
82	Catalogus lectionum 1774 - 1849 (ab 1830 Catalogus Scholarum)	1801 - 1820	1806	Winterhalbjahr	1806-Winterhalbjahr		1371	19
83	Catalogus lectionum 1774 - 1849 (ab 1830 Catalogus Scholarum)	1801 - 1820	1807	Sommerhalbjahr	1807-Sommerhalbjahr		1390	18
84	Catalogus lectionum 1774 - 1849 (ab 1830 Catalogus Scholarum)	1801 - 1820	1807 / 1908	Winterhalbjahr	1807 / 1908-Winterhalbjahr		1408	19
85	Catalogus lectionum 1774 - 1849 (ab 1830 Catalogus Scholarum)	1801 - 1820	1808	Sommerhalbjahr	1808-Sommerhalbjahr		1427	19
86	Catalogus lectionum 1774 - 1849 (ab 1830 Catalogus Scholarum)	1801 - 1820	1808 / 1809	Winterhalbjahr	1808 / 1809-Winterhalbjahr		1446	20
87	Catalogus lectionum 1774 - 1849 (ab 1830 Catalogus Scholarum)	1801 - 1820	1809	Sommerhalbjahr	1809-Sommerhalbjahr		1466	18
88	Catalogus lectionum 1774 - 1849 (ab 1830 Catalogus Scholarum)	1801 - 1820	1809 / 1810	Winterhalbjahr	1809 / 1810-Winterhalbjahr		1484	20
89	Catalogus lectionum 1774 - 1849 (ab 1830 Catalogus Scholarum)	1801 - 1820	1810	Sommerhalbjahr	1810-Sommerhalbjahr		1504	17
90	Catalogus lectionum 1774 - 1849 (ab 1830 Catalogus Scholarum)	1801 - 1820	1810	Winterhalbjahr	1810-Winterhalbjahr		1521	20
91	Catalogus lectionum 1774 - 1849 (ab 1830 Catalogus Scholarum)	1801 - 1820	1811	Winterhalbjahr	1811-Winterhalbjahr		1541	19
92	Catalogus lectionum 1774 - 1849 (ab 1830 Catalogus Scholarum)	1801 - 1820	1812	Sommerhalbjahr	1812-Sommerhalbjahr		1560	20
93	Catalogus lectionum 1774 - 1849 (ab 1830 Catalogus Scholarum)	1801 - 1820	1812	Winterhalbjahr	1812-Winterhalbjahr		1580	20
94	Catalogus lectionum 1774 - 1849 (ab 1830 Catalogus Scholarum)	1801 - 1820	1813	Sommerhalbjahr	1813-Sommerhalbjahr		1600	19
95	Catalogus lectionum 1774 - 1849 (ab 1830 Catalogus Scholarum)	1801 - 1820	1813	Winterhalbjahr	1813-Winterhalbjahr		1619	20
96	Catalogus lectionum 1774 - 1849 (ab 1830 Catalogus Scholarum)	1801 - 1820	1814	Sommerhalbjahr	1814-Sommerhalbjahr		1639	19
97	Catalogus lectionum 1774 - 1849 (ab 1830 Catalogus Scholarum)	1801 - 1820	1814	Winterhalbjahr	1814-Winterhalbjahr		1658	18
98	Catalogus lectionum 1774 - 1849 (ab 1830 Catalogus Scholarum)	1801 - 1820	1815	Sommerhalbjahr	1815-Sommerhalbjahr		1676	18
99	Catalogus lectionum 1774 - 1849 (ab 1830 Catalogus Scholarum)	1801 - 1820	1815	Winterhalbjahr	1815-Winterhalbjahr		1694	20
100	Catalogus lectionum 1774 - 1849 (ab 1830 Catalogus Scholarum)	1801 - 1820	1816	Sommerhalbjahr	1816-Sommerhalbjahr		1714	20
101	Catalogus lectionum 1774 - 1849 (ab 1830 Catalogus Scholarum)	1801 - 1820	1816	Winterhalbjahr	1816-Winterhalbjahr		1734	23
102	Catalogus lectionum 1774 - 1849 (ab 1830 Catalogus Scholarum)	1801 - 1820	1817	Sommerhalbjahr	1817-Sommerhalbjahr		1757	23
103	Catalogus lectionum 1774 - 1849 (ab 1830 Catalogus Scholarum)	1801 - 1820	1817	Winterhalbjahr	1817-Winterhalbjahr		1780	20
104	Catalogus lectionum 1774 - 1849 (ab 1830 Catalogus Scholarum)	1801 - 1820	1818	Sommerhalbjahr	1818-Sommerhalbjahr		1800	20
105	Catalogus lectionum 1774 - 1849 (ab 1830 Catalogus Scholarum)	1801 - 1820	1818	Winterhalbjahr	1818-Winterhalbjahr		1820	18
106	Catalogus lectionum 1774 - 1849 (ab 1830 Catalogus Scholarum)	1801 - 1820	1819	Sommerhalbjahr	1819-Sommerhalbjahr		1838	20
107	Catalogus lectionum 1774 - 1849 (ab 1830 Catalogus Scholarum)	1801 - 1820	1819	Winterhalbjahr	1819-Winterhalbjahr		1858	19
108	Catalogus lectionum 1774 - 1849 (ab 1830 Catalogus Scholarum)	1801 - 1820	1820	Sommerhalbjahr	1820-Sommerhalbjahr		1877	19
109	Catalogus lectionum 1774 - 1849 (ab 1830 Catalogus Scholarum)	1801 - 1820	1820	Winterhalbjahr	1820-Winterhalbjahr		1896	19
110	Catalogus lectionum 1774 - 1849 (ab 1830 Catalogus Scholarum)	1821 - 1849	1821	Sommerhalbjahr	1821-Sommerhalbjahr		1915	19
111	Catalogus lectionum 1774 - 1849 (ab 1830 Catalogus Scholarum)	1821 - 1849	1821	Winterhalbjahr	1821-Winterhalbjahr		1934	19
112	Catalogus lectionum 1774 - 1849 (ab 1830 Catalogus Scholarum)	1821 - 1849	1822	Sommerhalbjahr	1822-Sommerhalbjahr		1953	19
113	Catalogus lectionum 1774 - 1849 (ab 1830 Catalogus Scholarum)	1821 - 1849	1822	Winterhalbjahr	1822-Winterhalbjahr		1972	19
114	Catalogus lectionum 1774 - 1849 (ab 1830 Catalogus Scholarum)	1821 - 1849	1823	Sommerhalbjahr	1823-Sommerhalbjahr		1991	20
115	Catalogus lectionum 1774 - 1849 (ab 1830 Catalogus Scholarum)	1821 - 1849	1823	Winterhalbjahr	1823-Winterhalbjahr		2011	20
116	Catalogus lectionum 1774 - 1849 (ab 1830 Catalogus Scholarum)	1821 - 1849	1824	Sommerhalbjahr	1824-Sommerhalbjahr		2031	20
117	Catalogus lectionum 1774 - 1849 (ab 1830 Catalogus Scholarum)	1821 - 1849	1824	Winterhalbjahr	1824-Winterhalbjahr		2051	20
118	Catalogus lectionum 1774 - 1849 (ab 1830 Catalogus Scholarum)	1821 - 1849	1825	Sommerhalbjahr	1825-Sommerhalbjahr		2071	19
119	Catalogus lectionum 1774 - 1849 (ab 1830 Catalogus Scholarum)	1821 - 1849	1825	Winterhalbjahr	1825-Winterhalbjahr		2090	20
120	Catalogus lectionum 1774 - 1849 (ab 1830 Catalogus Scholarum)	1821 - 1849	1826	Sommerhalbjahr	1826-Sommerhalbjahr		2110	22
121	Catalogus lectionum 1774 - 1849 (ab 1830 Catalogus Scholarum)	1821 - 1849	1826	Winterhalbjahr	1826-Winterhalbjahr		2132	23
122	Catalogus lectionum 1774 - 1849 (ab 1830 Catalogus Scholarum)	1821 - 1849	1827	Sommerhalbjahr	1827-Sommerhalbjahr		2155	24
123	Catalogus lectionum 1774 - 1849 (ab 1830 Catalogus Scholarum)	1821 - 1849	1827	Winterhalbjahr	1827-Winterhalbjahr		2179	22
124	Catalogus lectionum 1774 - 1849 (ab 1830 Catalogus Scholarum)	1821 - 1849	1828	Sommerhalbjahr	1828-Sommerhalbjahr		2201	23
125	Catalogus lectionum 1774 - 1849 (ab 1830 Catalogus Scholarum)	1821 - 1849	1828	Winterhalbjahr	1828-Winterhalbjahr		2224	22
126	Catalogus lectionum 1774 - 1849 (ab 1830 Catalogus Scholarum)	1821 - 1849	1829	Sommerhalbjahr	1829-Sommerhalbjahr		2246	24
127	Catalogus lectionum 1774 - 1849 (ab 1830 Catalogus Scholarum)	1821 - 1849	1829	Winterhalbjahr	1829-Winterhalbjahr		2270	25
128	Catalogus lectionum 1774 - 1849 (ab 1830 Catalogus Scholarum)	1821 - 1849	1830	Sommerhalbjahr	1830-Sommerhalbjahr		2295	19
129	Catalogus lectionum 1774 - 1849 (ab 1830 Catalogus Scholarum)	1821 - 1849	1830	Winterhalbjahr	1830-Winterhalbjahr		2314	19
130	Catalogus lectionum 1774 - 1849 (ab 1830 Catalogus Scholarum)	1821 - 1849	1831	Sommerhalbjahr	1831-Sommerhalbjahr		2333	20
131	Catalogus lectionum 1774 - 1849 (ab 1830 Catalogus Scholarum)	1821 - 1849	1831	Winterhalbjahr	1831-Winterhalbjahr		2353	20
132	Catalogus lectionum 1774 - 1849 (ab 1830 Catalogus Scholarum)	1821 - 1849	1832	Sommerhalbjahr	1832-Sommerhalbjahr		2373	20
133	Catalogus lectionum 1774 - 1849 (ab 1830 Catalogus Scholarum)	1821 - 1849	1833	Sommerhalbjahr	1833-Sommerhalbjahr		2393	19
134	Catalogus lectionum 1774 - 1849 (ab 1830 Catalogus Scholarum)	1821 - 1849	1833	Winterhalbjahr	1833-Winterhalbjahr		2412	19
135	Catalogus lectionum 1774 - 1849 (ab 1830 Catalogus Scholarum)	1821 - 1849	1834	Sommerhalbjahr	1834-Sommerhalbjahr		2431	16
136	Catalogus lectionum 1774 - 1849 (ab 1830 Catalogus Scholarum)	1821 - 1849	1834	Winterhalbjahr	1834-Winterhalbjahr		2447	16
137	Catalogus lectionum 1774 - 1849 (ab 1830 Catalogus Scholarum)	1821 - 1849	1835	Sommerhalbjahr	1835-Sommerhalbjahr		2463	15
138	Catalogus lectionum 1774 - 1849 (ab 1830 Catalogus Scholarum)	1821 - 1849	1835	Winterhalbjahr	1835-Winterhalbjahr		2478	16
139	Catalogus lectionum 1774 - 1849 (ab 1830 Catalogus Scholarum)	1821 - 1849	1836	Sommerhalbjahr	1836-Sommerhalbjahr		2494	16
140	Catalogus lectionum 1774 - 1849 (ab 1830 Catalogus Scholarum)	1821 - 1849	1836	Winterhalbjahr	1836-Winterhalbjahr		2510	16
141	Catalogus lectionum 1774 - 1849 (ab 1830 Catalogus Scholarum)	1821 - 1849	1837	Sommerhalbjahr	1837-Sommerhalbjahr		2526	16
142	Catalogus lectionum 1774 - 1849 (ab 1830 Catalogus Scholarum)	1821 - 1849	1837	Winterhalbjahr	1837-Winterhalbjahr		2542	15
143	Catalogus lectionum 1774 - 1849 (ab 1830 Catalogus Scholarum)	1821 - 1849	1838	Sommerhalbjahr	1838-Sommerhalbjahr		2557	16
144	Catalogus lectionum 1774 - 1849 (ab 1830 Catalogus Scholarum)	1821 - 1849	1838	Winterhalbjahr	1838-Winterhalbjahr		2573	15
145	Catalogus lectionum 1774 - 1849 (ab 1830 Catalogus Scholarum)	1821 - 1849	1839	Sommerhalbjahr	1839-Sommerhalbjahr		2588	16
146	Catalogus lectionum 1774 - 1849 (ab 1830 Catalogus Scholarum)	1821 - 1849	1839	Winterhalbjahr	1839-Winterhalbjahr		2604	16
147	Catalogus lectionum 1774 - 1849 (ab 1830 Catalogus Scholarum)	1821 - 1849	1840	Sommerhalbjahr	1840-Sommerhalbjahr		2620	16
148	Catalogus lectionum 1774 - 1849 (ab 1830 Catalogus Scholarum)	1821 - 1849	1840	Winterhalbjahr	1840-Winterhalbjahr		2636	17
149	Catalogus lectionum 1774 - 1849 (ab 1830 Catalogus Scholarum)	1821 - 1849	1841	Winterhalbjahr	1841-Winterhalbjahr		2653	16
150	Catalogus lectionum 1774 - 1849 (ab 1830 Catalogus Scholarum)	1821 - 1849	1842	Sommerhalbjahr	1842-Sommerhalbjahr		2669	17
151	Catalogus lectionum 1774 - 1849 (ab 1830 Catalogus Scholarum)	1821 - 1849	1843	Sommerhalbjahr	1843-Sommerhalbjahr		2686	16
152	Catalogus lectionum 1774 - 1849 (ab 1830 Catalogus Scholarum)	1821 - 1849	1843	Winterhalbjahr	1843-Winterhalbjahr		2702	16
153	Catalogus lectionum 1774 - 1849 (ab 1830 Catalogus Scholarum)	1821 - 1849	1844	Sommerhalbjahr	1844-Sommerhalbjahr		2718	16
154	Catalogus lectionum 1774 - 1849 (ab 1830 Catalogus Scholarum)	1821 - 1849	1844	Winterhalbjahr	1844-Winterhalbjahr		2734	16
155	Catalogus lectionum 1774 - 1849 (ab 1830 Catalogus Scholarum)	1821 - 1849	1845	Sommerhalbjahr	1845-Sommerhalbjahr		2750	16
156	Catalogus lectionum 1774 - 1849 (ab 1830 Catalogus Scholarum)	1821 - 1849	1845	Winterhalbjahr	1845-Winterhalbjahr		2766	16
157	Catalogus lectionum 1774 - 1849 (ab 1830 Catalogus Scholarum)	1821 - 1849	1846	Sommerhalbjahr	1846-Sommerhalbjahr		2782	16
158	Catalogus lectionum 1774 - 1849 (ab 1830 Catalogus Scholarum)	1821 - 1849	1846	Winterhalbjahr	1846-Winterhalbjahr		2798	16
159	Catalogus lectionum 1774 - 1849 (ab 1830 Catalogus Scholarum)	1821 - 1849	1847	Sommerhalbjahr	1847-Sommerhalbjahr		2814	17
160	Catalogus lectionum 1774 - 1849 (ab 1830 Catalogus Scholarum)	1821 - 1849	1848	Sommerhalbjahr	1848-Sommerhalbjahr		2831	15
161	Catalogus lectionum 1774 - 1849 (ab 1830 Catalogus Scholarum)	1821 - 1849	1848	Winterhalbjahr	1848-Winterhalbjahr		2846	16
162	Catalogus lectionum 1774 - 1849 (ab 1830 Catalogus Scholarum)	1821 - 1849	1849	Sommerhalbjahr	1849-Sommerhalbjahr		2862	15
163	Vorlesungsverzeichnisse 1777 - 1797, 1814 - 1935	1777 - 1797	1777	Sommerhalbjahr	1777-Sommerhalbjahr		2877	22
164	Vorlesungsverzeichnisse 1777 - 1797, 1814 - 1935	1777 - 1797	1777 / 1778	Winterhalbjahr	1777 / 1778-Winterhalbjahr		2899	22
165	Vorlesungsverzeichnisse 1777 - 1797, 1814 - 1935	1777 - 1797	1779	Sommerhalbjahr	1779-Sommerhalbjahr		2921	20
166	Vorlesungsverzeichnisse 1777 - 1797, 1814 - 1935	1777 - 1797	1779	Winterhalbjahr	1779-Winterhalbjahr		2941	16
167	Vorlesungsverzeichnisse 1777 - 1797, 1814 - 1935	1777 - 1797	1780	Sommerhalbjahr	1780-Sommerhalbjahr		2957	19
168	Vorlesungsverzeichnisse 1777 - 1797, 1814 - 1935	1777 - 1797	1781	Winterhalbjahr	1781-Winterhalbjahr		2976	16
169	Vorlesungsverzeichnisse 1777 - 1797, 1814 - 1935	1777 - 1797	1782	Sommerhalbjahr	1782-Sommerhalbjahr		2992	16
170	Vorlesungsverzeichnisse 1777 - 1797, 1814 - 1935	1777 - 1797	1782	Winterhalbjahr	1782-Winterhalbjahr		3008	20
171	Vorlesungsverzeichnisse 1777 - 1797, 1814 - 1935	1777 - 1797	1783	Winterhalbjahr	1783-Winterhalbjahr		3028	20
172	Vorlesungsverzeichnisse 1777 - 1797, 1814 - 1935	1777 - 1797	1784	Sommerhalbjahr	1784-Sommerhalbjahr		3048	20
173	Vorlesungsverzeichnisse 1777 - 1797, 1814 - 1935	1777 - 1797	1786	Sommerhalbjahr	1786-Sommerhalbjahr		3068	23
174	Vorlesungsverzeichnisse 1777 - 1797, 1814 - 1935	1777 - 1797	1786	Winterhalbjahr	1786-Winterhalbjahr		3091	23
175	Vorlesungsverzeichnisse 1777 - 1797, 1814 - 1935	1777 - 1797	1791	Winterhalbjahr	1791-Winterhalbjahr		3114	23
176	Vorlesungsverzeichnisse 1777 - 1797, 1814 - 1935	1777 - 1797	1792	Sommerhalbjahr	1792-Sommerhalbjahr		3137	23
177	Vorlesungsverzeichnisse 1777 - 1797, 1814 - 1935	1777 - 1797	1793	Winterhalbjahr	1793-Winterhalbjahr		3160	23
178	Vorlesungsverzeichnisse 1777 - 1797, 1814 - 1935	1777 - 1797	1794	Sommerhalbjahr	1794-Sommerhalbjahr		3183	23
179	Vorlesungsverzeichnisse 1777 - 1797, 1814 - 1935	1777 - 1797	1794	Winterhalbjahr	1794-Winterhalbjahr		3206	24
180	Vorlesungsverzeichnisse 1777 - 1797, 1814 - 1935	1777 - 1797	1795	Sommerhalbjahr	1795-Sommerhalbjahr		3230	24
181	Vorlesungsverzeichnisse 1777 - 1797, 1814 - 1935	1777 - 1797	1795	Winterhalbjahr	1795-Winterhalbjahr		3254	24
182	Vorlesungsverzeichnisse 1777 - 1797, 1814 - 1935	1777 - 1797	1796	Winterhalbjahr	1796-Winterhalbjahr		3278	23
183	Vorlesungsverzeichnisse 1777 - 1797, 1814 - 1935	1777 - 1797	1797	Winterhalbjahr	1797-Winterhalbjahr		3301	22
184	Vorlesungsverzeichnisse 1777 - 1797, 1814 - 1935	1814 - 1835	1814	Winterhalbjahr	1814-Winterhalbjahr		3323	24
185	Vorlesungsverzeichnisse 1777 - 1797, 1814 - 1935	1814 - 1835	1818	Winterhalbjahr	1818-Winterhalbjahr		3347	20
186	Vorlesungsverzeichnisse 1777 - 1797, 1814 - 1935	1814 - 1835	1821	Sommerhalbjahr	1821-Sommerhalbjahr		3367	19
187	Vorlesungsverzeichnisse 1777 - 1797, 1814 - 1935	1814 - 1835	1821	Winterhalbjahr	1821-Winterhalbjahr		3386	19
188	Vorlesungsverzeichnisse 1777 - 1797, 1814 - 1935	1814 - 1835	1823 / 1824	Winterhalbjahr	1823 / 1824-Winterhalbjahr		3405	21
189	Vorlesungsverzeichnisse 1777 - 1797, 1814 - 1935	1814 - 1835	1824	Sommerhalbjahr	1824-Sommerhalbjahr		3426	22
190	Vorlesungsverzeichnisse 1777 - 1797, 1814 - 1935	1814 - 1835	1828	Sommerhalbjahr	1828-Sommerhalbjahr		3448	24
191	Vorlesungsverzeichnisse 1777 - 1797, 1814 - 1935	1814 - 1835	1829	Sommerhalbjahr	1829-Sommerhalbjahr		3472	24
192	Vorlesungsverzeichnisse 1777 - 1797, 1814 - 1935	1814 - 1835	1829	Winterhalbjahr	1829-Winterhalbjahr		3496	25
193	Vorlesungsverzeichnisse 1777 - 1797, 1814 - 1935	1814 - 1835	1830	Sommerhalbjahr	1830-Sommerhalbjahr		3521	26
194	Vorlesungsverzeichnisse 1777 - 1797, 1814 - 1935	1814 - 1835	1830	Winterhalbjahr	1830-Winterhalbjahr		3547	55
195	Vorlesungsverzeichnisse 1777 - 1797, 1814 - 1935	1814 - 1835	1831	Sommerhalbjahr	1831-Sommerhalbjahr		3602	24
196	Vorlesungsverzeichnisse 1777 - 1797, 1814 - 1935	1814 - 1835	1832	Sommerhalbjahr	1832-Sommerhalbjahr		3626	28
197	Vorlesungsverzeichnisse 1777 - 1797, 1814 - 1935	1814 - 1835	1833	Sommerhalbjahr	1833-Sommerhalbjahr		3654	24
198	Vorlesungsverzeichnisse 1777 - 1797, 1814 - 1935	1814 - 1835	1833	Winterhalbjahr	1833-Winterhalbjahr		3678	24
199	Vorlesungsverzeichnisse 1777 - 1797, 1814 - 1935	1814 - 1835	1834	Sommerhalbjahr	1834-Sommerhalbjahr		3702	20
200	Vorlesungsverzeichnisse 1777 - 1797, 1814 - 1935	1814 - 1835	1834	Winterhalbjahr	1834-Winterhalbjahr		3722	20
201	Vorlesungsverzeichnisse 1777 - 1797, 1814 - 1935	1814 - 1835	1835	Sommerhalbjahr	1835-Sommerhalbjahr		3742	20
202	Vorlesungsverzeichnisse 1777 - 1797, 1814 - 1935	1814 - 1835	1835	Winterhalbjahr	1835-Winterhalbjahr		3762	20
203	Vorlesungsverzeichnisse 1777 - 1797, 1814 - 1935	1836 - 1855	1836	Sommerhalbjahr	1836-Sommerhalbjahr		3782	20
204	Vorlesungsverzeichnisse 1777 - 1797, 1814 - 1935	1836 - 1855	1836	Winterhalbjahr	1836-Winterhalbjahr		3802	22
205	Vorlesungsverzeichnisse 1777 - 1797, 1814 - 1935	1836 - 1855	1837	Sommerhalbjahr	1837-Sommerhalbjahr		3824	22
206	Vorlesungsverzeichnisse 1777 - 1797, 1814 - 1935	1836 - 1855	1837	Winterhalbjahr	1837-Winterhalbjahr		3846	23
207	Vorlesungsverzeichnisse 1777 - 1797, 1814 - 1935	1836 - 1855	1838	Sommerhalbjahr	1838-Sommerhalbjahr		3869	22
208	Vorlesungsverzeichnisse 1777 - 1797, 1814 - 1935	1836 - 1855	1838	Winterhalbjahr	1838-Winterhalbjahr		3891	22
209	Vorlesungsverzeichnisse 1777 - 1797, 1814 - 1935	1836 - 1855	1839	Sommerhalbjahr	1839-Sommerhalbjahr		3913	22
210	Vorlesungsverzeichnisse 1777 - 1797, 1814 - 1935	1836 - 1855	1839	Winterhalbjahr	1839-Winterhalbjahr		3935	23
211	Vorlesungsverzeichnisse 1777 - 1797, 1814 - 1935	1836 - 1855	1840	Sommerhalbjahr	1840-Sommerhalbjahr		3958	23
212	Vorlesungsverzeichnisse 1777 - 1797, 1814 - 1935	1836 - 1855	1840	Winterhalbjahr	1840-Winterhalbjahr		3981	22
213	Vorlesungsverzeichnisse 1777 - 1797, 1814 - 1935	1836 - 1855	1841	Sommerhalbjahr	1841-Sommerhalbjahr		4003	32
214	Vorlesungsverzeichnisse 1777 - 1797, 1814 - 1935	1836 - 1855	1841	Winterhalbjahr	1841-Winterhalbjahr		4035	31
215	Vorlesungsverzeichnisse 1777 - 1797, 1814 - 1935	1836 - 1855	1842	Sommerhalbjahr	1842-Sommerhalbjahr		4066	35
216	Vorlesungsverzeichnisse 1777 - 1797, 1814 - 1935	1836 - 1855	1842	Winterhalbjahr	1842-Winterhalbjahr		4101	35
217	Vorlesungsverzeichnisse 1777 - 1797, 1814 - 1935	1836 - 1855	1843	Sommerhalbjahr	1843-Sommerhalbjahr		4136	35
218	Vorlesungsverzeichnisse 1777 - 1797, 1814 - 1935	1836 - 1855	1843	Winterhalbjahr	1843-Winterhalbjahr		4171	31
219	Vorlesungsverzeichnisse 1777 - 1797, 1814 - 1935	1836 - 1855	1844	Sommerhalbjahr	1844-Sommerhalbjahr		4202	31
220	Vorlesungsverzeichnisse 1777 - 1797, 1814 - 1935	1836 - 1855	1844	Winterhalbjahr	1844-Winterhalbjahr		4233	31
221	Vorlesungsverzeichnisse 1777 - 1797, 1814 - 1935	1836 - 1855	1845	Sommerhalbjahr	1845-Sommerhalbjahr		4264	31
222	Vorlesungsverzeichnisse 1777 - 1797, 1814 - 1935	1836 - 1855	1845 / 1846	Winterhalbjahr	1845 / 1846-Winterhalbjahr		4295	31
223	Vorlesungsverzeichnisse 1777 - 1797, 1814 - 1935	1836 - 1855	1846	Sommerhalbjahr	1846-Sommerhalbjahr		4326	31
224	Vorlesungsverzeichnisse 1777 - 1797, 1814 - 1935	1836 - 1855	1846 / 1847	Winterhalbjahr	1846 / 1847-Winterhalbjahr		4357	32
225	Vorlesungsverzeichnisse 1777 - 1797, 1814 - 1935	1836 - 1855	1847	Sommerhalbjahr	1847-Sommerhalbjahr		4389	31
226	Vorlesungsverzeichnisse 1777 - 1797, 1814 - 1935	1836 - 1855	1847 / 1848	Winterhalbjahr	1847 / 1848-Winterhalbjahr		4420	31
227	Vorlesungsverzeichnisse 1777 - 1797, 1814 - 1935	1836 - 1855	1848	Sommerhalbjahr	1848-Sommerhalbjahr		4451	31
228	Vorlesungsverzeichnisse 1777 - 1797, 1814 - 1935	1836 - 1855	1848 / 1849	Winterhalbjahr	1848 / 1849-Winterhalbjahr		4482	31
229	Vorlesungsverzeichnisse 1777 - 1797, 1814 - 1935	1836 - 1855	1849	Sommerhalbjahr	1849-Sommerhalbjahr		4513	32
230	Vorlesungsverzeichnisse 1777 - 1797, 1814 - 1935	1836 - 1855	1849 / 1850	Winterhalbjahr	1849 / 1850-Winterhalbjahr		4545	32
231	Vorlesungsverzeichnisse 1777 - 1797, 1814 - 1935	1836 - 1855	1850	Sommerhalbjahr	1850-Sommerhalbjahr		4577	32
232	Vorlesungsverzeichnisse 1777 - 1797, 1814 - 1935	1836 - 1855	1850 / 1851	Winterhalbjahr	1850 / 1851-Winterhalbjahr		4609	32
233	Vorlesungsverzeichnisse 1777 - 1797, 1814 - 1935	1836 - 1855	1851	Sommerhalbjahr	1851-Sommerhalbjahr		4641	32
234	Vorlesungsverzeichnisse 1777 - 1797, 1814 - 1935	1836 - 1855	1851 / 1852	Winterhalbjahr	1851 / 1852-Winterhalbjahr		4673	32
235	Vorlesungsverzeichnisse 1777 - 1797, 1814 - 1935	1836 - 1855	1852	Sommerhalbjahr	1852-Sommerhalbjahr		4705	32
236	Vorlesungsverzeichnisse 1777 - 1797, 1814 - 1935	1836 - 1855	1852 / 1853	Winterhalbjahr	1852 / 1853-Winterhalbjahr		4737	32
237	Vorlesungsverzeichnisse 1777 - 1797, 1814 - 1935	1836 - 1855	1853	Sommerhalbjahr	1853-Sommerhalbjahr		4769	36
238	Vorlesungsverzeichnisse 1777 - 1797, 1814 - 1935	1836 - 1855	1853 / 1854	Winterhalbjahr	1853 / 1854-Winterhalbjahr		4805	36
239	Vorlesungsverzeichnisse 1777 - 1797, 1814 - 1935	1836 - 1855	1854	Sommerhalbjahr	1854-Sommerhalbjahr		4841	36
240	Vorlesungsverzeichnisse 1777 - 1797, 1814 - 1935	1836 - 1855	1854 / 1855	Winterhalbjahr	1854 / 1855-Winterhalbjahr		4877	40
241	Vorlesungsverzeichnisse 1777 - 1797, 1814 - 1935	1836 - 1855	1855	Sommerhalbjahr	1855-Sommerhalbjahr		4917	36
242	Vorlesungsverzeichnisse 1777 - 1797, 1814 - 1935	1855 / 1856 - 1868 / 1869	1855 / 1856	Winterhalbjahr	1855 / 1856-Winterhalbjahr		4953	36
243	Vorlesungsverzeichnisse 1777 - 1797, 1814 - 1935	1855 / 1856 - 1868 / 1869	1856	Sommerhalbjahr	1856-Sommerhalbjahr		4989	38
244	Vorlesungsverzeichnisse 1777 - 1797, 1814 - 1935	1855 / 1856 - 1868 / 1869	1856 / 1857	Winterhalbjahr	1856 / 1857-Winterhalbjahr		5027	38
245	Vorlesungsverzeichnisse 1777 - 1797, 1814 - 1935	1855 / 1856 - 1868 / 1869	1857	Sommerhalbjahr	1857-Sommerhalbjahr		5065	38
246	Vorlesungsverzeichnisse 1777 - 1797, 1814 - 1935	1855 / 1856 - 1868 / 1869	1857 / 1858	Winterhalbjahr	1857 / 1858-Winterhalbjahr		5103	38
247	Vorlesungsverzeichnisse 1777 - 1797, 1814 - 1935	1855 / 1856 - 1868 / 1869	1858	Sommerhalbjahr	1858-Sommerhalbjahr		5141	40
248	Vorlesungsverzeichnisse 1777 - 1797, 1814 - 1935	1855 / 1856 - 1868 / 1869	1858 / 1859	Winterhalbjahr	1858 / 1859-Winterhalbjahr		5181	38
249	Vorlesungsverzeichnisse 1777 - 1797, 1814 - 1935	1855 / 1856 - 1868 / 1869	1859	Sommerhalbjahr	1859-Sommerhalbjahr		5219	40
250	Vorlesungsverzeichnisse 1777 - 1797, 1814 - 1935	1855 / 1856 - 1868 / 1869	1859 / 1860	Winterhalbjahr	1859 / 1860-Winterhalbjahr		5259	38
251	Vorlesungsverzeichnisse 1777 - 1797, 1814 - 1935	1855 / 1856 - 1868 / 1869	1860	Sommerhalbjahr	1860-Sommerhalbjahr		5297	38
252	Vorlesungsverzeichnisse 1777 - 1797, 1814 - 1935	1855 / 1856 - 1868 / 1869	1860 / 1861	Winterhalbjahr	1860 / 1861-Winterhalbjahr		5335	38
253	Vorlesungsverzeichnisse 1777 - 1797, 1814 - 1935	1855 / 1856 - 1868 / 1869	1861	Sommerhalbjahr	1861-Sommerhalbjahr		5373	38
254	Vorlesungsverzeichnisse 1777 - 1797, 1814 - 1935	1855 / 1856 - 1868 / 1869	1861 / 1862	Winterhalbjahr	1861 / 1862-Winterhalbjahr		5411	36
255	Vorlesungsverzeichnisse 1777 - 1797, 1814 - 1935	1855 / 1856 - 1868 / 1869	1862	Sommerhalbjahr	1862-Sommerhalbjahr		5447	36
256	Vorlesungsverzeichnisse 1777 - 1797, 1814 - 1935	1855 / 1856 - 1868 / 1869	1862 / 1863	Winterhalbjahr	1862 / 1863-Winterhalbjahr		5483	38
257	Vorlesungsverzeichnisse 1777 - 1797, 1814 - 1935	1855 / 1856 - 1868 / 1869	1863	Sommerhalbjahr	1863-Sommerhalbjahr		5521	38
258	Vorlesungsverzeichnisse 1777 - 1797, 1814 - 1935	1855 / 1856 - 1868 / 1869	1863 / 1864	Winterhalbjahr	1863 / 1864-Winterhalbjahr		5559	38
259	Vorlesungsverzeichnisse 1777 - 1797, 1814 - 1935	1855 / 1856 - 1868 / 1869	1864	Sommerhalbjahr	1864-Sommerhalbjahr		5597	40
260	Vorlesungsverzeichnisse 1777 - 1797, 1814 - 1935	1855 / 1856 - 1868 / 1869	1864 / 1865	Winterhalbjahr	1864 / 1865-Winterhalbjahr		5637	42
261	Vorlesungsverzeichnisse 1777 - 1797, 1814 - 1935	1855 / 1856 - 1868 / 1869	1865	Sommerhalbjahr	1865-Sommerhalbjahr		5679	42
262	Vorlesungsverzeichnisse 1777 - 1797, 1814 - 1935	1855 / 1856 - 1868 / 1869	1865 / 1866	Winterhalbjahr	1865 / 1866-Winterhalbjahr		5721	43
263	Vorlesungsverzeichnisse 1777 - 1797, 1814 - 1935	1855 / 1856 - 1868 / 1869	1866	Sommerhalbjahr	1866-Sommerhalbjahr		5764	44
264	Vorlesungsverzeichnisse 1777 - 1797, 1814 - 1935	1855 / 1856 - 1868 / 1869	1866 / 1867	Winterhalbjahr	1866 / 1867-Winterhalbjahr		5808	42
265	Vorlesungsverzeichnisse 1777 - 1797, 1814 - 1935	1855 / 1856 - 1868 / 1869	1867	Sommerhalbjahr	1867-Sommerhalbjahr		5850	44
266	Vorlesungsverzeichnisse 1777 - 1797, 1814 - 1935	1855 / 1856 - 1868 / 1869	1867 / 1868	Winterhalbjahr	1867 / 1868-Winterhalbjahr		5894	42
267	Vorlesungsverzeichnisse 1777 - 1797, 1814 - 1935	1855 / 1856 - 1868 / 1869	1868	Sommerhalbjahr	1868-Sommerhalbjahr		5936	46
268	Vorlesungsverzeichnisse 1777 - 1797, 1814 - 1935	1855 / 1856 - 1868 / 1869	1868 / 1869	Winterhalbjahr	1868 / 1869-Winterhalbjahr		5982	42
269	Vorlesungsverzeichnisse 1777 - 1797, 1814 - 1935	1869 - 1892	1869	Sommerhalbjahr	1869-Sommerhalbjahr		6024	48
270	Vorlesungsverzeichnisse 1777 - 1797, 1814 - 1935	1869 - 1892	1869 / 1870	Winterhalbjahr	1869 / 1870-Winterhalbjahr		6072	46
271	Vorlesungsverzeichnisse 1777 - 1797, 1814 - 1935	1869 - 1892	1870	Sommerhalbjahr	1870-Sommerhalbjahr		6118	50
272	Vorlesungsverzeichnisse 1777 - 1797, 1814 - 1935	1869 - 1892	1870 / 1871	Winterhalbjahr	1870 / 1871-Winterhalbjahr		6168	50
273	Vorlesungsverzeichnisse 1777 - 1797, 1814 - 1935	1869 - 1892	1871	Sommerhalbjahr	1871-Sommerhalbjahr		6218	50
274	Vorlesungsverzeichnisse 1777 - 1797, 1814 - 1935	1869 - 1892	1871 / 1872	Winterhalbjahr	1871 / 1872-Winterhalbjahr		6268	50
275	Vorlesungsverzeichnisse 1777 - 1797, 1814 - 1935	1869 - 1892	1872	Sommerhalbjahr	1872-Sommerhalbjahr		6318	52
276	Vorlesungsverzeichnisse 1777 - 1797, 1814 - 1935	1869 - 1892	1872 / 1873	Winterhalbjahr	1872 / 1873-Winterhalbjahr		6370	54
277	Vorlesungsverzeichnisse 1777 - 1797, 1814 - 1935	1869 - 1892	1873	Sommerhalbjahr	1873-Sommerhalbjahr		6424	54
278	Vorlesungsverzeichnisse 1777 - 1797, 1814 - 1935	1869 - 1892	1873 / 1874	Winterhalbjahr	1873 / 1874-Winterhalbjahr		6478	56
279	Vorlesungsverzeichnisse 1777 - 1797, 1814 - 1935	1869 - 1892	1874	Sommerhalbjahr	1874-Sommerhalbjahr		6534	54
280	Vorlesungsverzeichnisse 1777 - 1797, 1814 - 1935	1869 - 1892	1874 / 1875	Winterhalbjahr	1874 / 1875-Winterhalbjahr		6588	60
281	Vorlesungsverzeichnisse 1777 - 1797, 1814 - 1935	1869 - 1892	1875	Sommerhalbjahr	1875-Sommerhalbjahr		6648	66
282	Vorlesungsverzeichnisse 1777 - 1797, 1814 - 1935	1869 - 1892	1875 / 1876	Winterhalbjahr	1875 / 1876-Winterhalbjahr		6714	69
283	Vorlesungsverzeichnisse 1777 - 1797, 1814 - 1935	1869 - 1892	1876	Sommerhalbjahr	1876-Sommerhalbjahr		6783	68
284	Vorlesungsverzeichnisse 1777 - 1797, 1814 - 1935	1869 - 1892	1876 / 1877	Winterhalbjahr	1876 / 1877-Winterhalbjahr		6851	72
285	Vorlesungsverzeichnisse 1777 - 1797, 1814 - 1935	1869 - 1892	1877	Sommerhalbjahr	1877-Sommerhalbjahr		6923	70
286	Vorlesungsverzeichnisse 1777 - 1797, 1814 - 1935	1869 - 1892	1877 / 1878	Winterhalbjahr	1877 / 1878-Winterhalbjahr		6993	72
287	Vorlesungsverzeichnisse 1777 - 1797, 1814 - 1935	1869 - 1892	1878	Sommerhalbjahr	1878-Sommerhalbjahr		7065	70
288	Vorlesungsverzeichnisse 1777 - 1797, 1814 - 1935	1869 - 1892	1878 / 1879	Winterhalbjahr	1878 / 1879-Winterhalbjahr		7135	74
289	Vorlesungsverzeichnisse 1777 - 1797, 1814 - 1935	1869 - 1892	1879	Sommerhalbjahr	1879-Sommerhalbjahr		7209	76
290	Vorlesungsverzeichnisse 1777 - 1797, 1814 - 1935	1869 - 1892	1879 / 1880	Winterhalbjahr	1879 / 1880-Winterhalbjahr		7285	78
291	Vorlesungsverzeichnisse 1777 - 1797, 1814 - 1935	1869 - 1892	1880	Sommerhalbjahr	1880-Sommerhalbjahr		7363	80
292	Vorlesungsverzeichnisse 1777 - 1797, 1814 - 1935	1869 - 1892	1880 / 1881	Winterhalbjahr	1880 / 1881-Winterhalbjahr		7443	80
293	Vorlesungsverzeichnisse 1777 - 1797, 1814 - 1935	1869 - 1892	1881	Sommerhalbjahr	1881-Sommerhalbjahr		7523	80
294	Vorlesungsverzeichnisse 1777 - 1797, 1814 - 1935	1869 - 1892	1881 / 1882	Winterhalbjahr	1881 / 1882-Winterhalbjahr		7603	84
295	Vorlesungsverzeichnisse 1777 - 1797, 1814 - 1935	1869 - 1892	1882	Sommerhalbjahr	1882-Sommerhalbjahr		7687	80
296	Vorlesungsverzeichnisse 1777 - 1797, 1814 - 1935	1869 - 1892	1882 / 1883	Winterhalbjahr	1882 / 1883-Winterhalbjahr		7767	80
297	Vorlesungsverzeichnisse 1777 - 1797, 1814 - 1935	1869 - 1892	1883	Sommerhalbjahr	1883-Sommerhalbjahr		7847	82
298	Vorlesungsverzeichnisse 1777 - 1797, 1814 - 1935	1869 - 1892	1883 / 1884	Winterhalbjahr	1883 / 1884-Winterhalbjahr		7929	82
299	Vorlesungsverzeichnisse 1777 - 1797, 1814 - 1935	1869 - 1892	1884	Sommerhalbjahr	1884-Sommerhalbjahr		8011	82
300	Vorlesungsverzeichnisse 1777 - 1797, 1814 - 1935	1869 - 1892	1884 / 1885	Winterhalbjahr	1884 / 1885-Winterhalbjahr		8093	78
301	Vorlesungsverzeichnisse 1777 - 1797, 1814 - 1935	1869 - 1892	1885	Sommerhalbjahr	1885-Sommerhalbjahr		8171	78
302	Vorlesungsverzeichnisse 1777 - 1797, 1814 - 1935	1869 - 1892	1885 / 1886	Winterhalbjahr	1885 / 1886-Winterhalbjahr		8249	82
303	Vorlesungsverzeichnisse 1777 - 1797, 1814 - 1935	1869 - 1892	1886	Sommerhalbjahr	1886-Sommerhalbjahr		8331	80
304	Vorlesungsverzeichnisse 1777 - 1797, 1814 - 1935	1869 - 1892	1886 / 1887	Winterhalbjahr	1886 / 1887-Winterhalbjahr		8411	80
305	Vorlesungsverzeichnisse 1777 - 1797, 1814 - 1935	1869 - 1892	1887	Sommerhalbjahr	1887-Sommerhalbjahr		8491	82
306	Vorlesungsverzeichnisse 1777 - 1797, 1814 - 1935	1869 - 1892	1887 / 1888	Winterhalbjahr	1887 / 1888-Winterhalbjahr		8573	82
307	Vorlesungsverzeichnisse 1777 - 1797, 1814 - 1935	1869 - 1892	1888	Sommerhalbjahr	1888-Sommerhalbjahr		8655	82
308	Vorlesungsverzeichnisse 1777 - 1797, 1814 - 1935	1869 - 1892	1888 / 1889	Winterhalbjahr	1888 / 1889-Winterhalbjahr		8737	80
309	Vorlesungsverzeichnisse 1777 - 1797, 1814 - 1935	1869 - 1892	1889	Sommerhalbjahr	1889-Sommerhalbjahr		8817	83
310	Vorlesungsverzeichnisse 1777 - 1797, 1814 - 1935	1869 - 1892	1889 / 1890	Winterhalbjahr	1889 / 1890-Winterhalbjahr		8900	70
311	Vorlesungsverzeichnisse 1777 - 1797, 1814 - 1935	1869 - 1892	1890	Sommerhalbjahr	1890-Sommerhalbjahr		8970	84
312	Vorlesungsverzeichnisse 1777 - 1797, 1814 - 1935	1869 - 1892	1890 / 1891	Winterhalbjahr	1890 / 1891-Winterhalbjahr		9054	84
313	Vorlesungsverzeichnisse 1777 - 1797, 1814 - 1935	1869 - 1892	1891	Sommerhalbjahr	1891-Sommerhalbjahr		9138	84
314	Vorlesungsverzeichnisse 1777 - 1797, 1814 - 1935	1869 - 1892	1891 / 1892	Winterhalbjahr	1891 / 1892-Winterhalbjahr		9222	84
315	Vorlesungsverzeichnisse 1777 - 1797, 1814 - 1935	1869 - 1892	1892	Sommerhalbjahr	1892-Sommerhalbjahr		9306	88
316	Vorlesungsverzeichnisse 1777 - 1797, 1814 - 1935	1892 - 1912	1892 / 1893	Winterhalbjahr	1892 / 1893-Winterhalbjahr		9394	88
317	Vorlesungsverzeichnisse 1777 - 1797, 1814 - 1935	1892 - 1912	1893	Sommerhalbjahr	1893-Sommerhalbjahr		9482	90
318	Vorlesungsverzeichnisse 1777 - 1797, 1814 - 1935	1892 - 1912	1893 / 1894	Winterhalbjahr	1893 / 1894-Winterhalbjahr		9572	90
319	Vorlesungsverzeichnisse 1777 - 1797, 1814 - 1935	1892 - 1912	1894	Sommerhalbjahr	1894-Sommerhalbjahr		9662	90
320	Vorlesungsverzeichnisse 1777 - 1797, 1814 - 1935	1892 - 1912	1894 / 1895	Winterhalbjahr	1894 / 1895-Winterhalbjahr		9752	94
321	Vorlesungsverzeichnisse 1777 - 1797, 1814 - 1935	1892 - 1912	1895	Sommerhalbjahr	1895-Sommerhalbjahr		9846	94
322	Vorlesungsverzeichnisse 1777 - 1797, 1814 - 1935	1892 - 1912	1895 / 1896	Winterhalbjahr	1895 / 1896-Winterhalbjahr		9940	94
323	Vorlesungsverzeichnisse 1777 - 1797, 1814 - 1935	1892 - 1912	1896	Sommerhalbjahr	1896-Sommerhalbjahr		10034	100
324	Vorlesungsverzeichnisse 1777 - 1797, 1814 - 1935	1892 - 1912	1896 / 1897	Winterhalbjahr	1896 / 1897-Winterhalbjahr		10134	98
325	Vorlesungsverzeichnisse 1777 - 1797, 1814 - 1935	1892 - 1912	1897	Sommerhalbjahr	1897-Sommerhalbjahr		10232	98
326	Vorlesungsverzeichnisse 1777 - 1797, 1814 - 1935	1892 - 1912	1897 / 1898	Winterhalbjahr	1897 / 1898-Winterhalbjahr		10330	100
327	Vorlesungsverzeichnisse 1777 - 1797, 1814 - 1935	1892 - 1912	1898	Sommerhalbjahr	1898-Sommerhalbjahr		10430	98
328	Vorlesungsverzeichnisse 1777 - 1797, 1814 - 1935	1892 - 1912	1898 / 1899	Winterhalbjahr	1898 / 1899-Winterhalbjahr		10528	100
329	Vorlesungsverzeichnisse 1777 - 1797, 1814 - 1935	1892 - 1912	1899	Sommerhalbjahr	1899-Sommerhalbjahr		10628	102
330	Vorlesungsverzeichnisse 1777 - 1797, 1814 - 1935	1892 - 1912	1899 / 1900	Winterhalbjahr	1899 / 1900-Winterhalbjahr		10730	102
331	Vorlesungsverzeichnisse 1777 - 1797, 1814 - 1935	1892 - 1912	1900	Sommerhalbjahr	1900-Sommerhalbjahr		10832	104
332	Vorlesungsverzeichnisse 1777 - 1797, 1814 - 1935	1892 - 1912	1900 / 1901	Winterhalbjahr	1900 / 1901-Winterhalbjahr		10936	106
333	Vorlesungsverzeichnisse 1777 - 1797, 1814 - 1935	1892 - 1912	1901	Sommerhalbjahr	1901-Sommerhalbjahr		11042	108
334	Vorlesungsverzeichnisse 1777 - 1797, 1814 - 1935	1892 - 1912	1901 / 1902	Winterhalbjahr	1901 / 1902-Winterhalbjahr		11150	106
335	Vorlesungsverzeichnisse 1777 - 1797, 1814 - 1935	1892 - 1912	1902	Sommerhalbjahr	1902-Sommerhalbjahr		11256	104
336	Vorlesungsverzeichnisse 1777 - 1797, 1814 - 1935	1892 - 1912	1902 / 1903	Winterhalbjahr	1902 / 1903-Winterhalbjahr		11360	104
337	Vorlesungsverzeichnisse 1777 - 1797, 1814 - 1935	1892 - 1912	1903	Sommerhalbjahr	1903-Sommerhalbjahr		11464	102
338	Vorlesungsverzeichnisse 1777 - 1797, 1814 - 1935	1892 - 1912	1903 / 1904	Winterhalbjahr	1903 / 1904-Winterhalbjahr		11566	104
339	Vorlesungsverzeichnisse 1777 - 1797, 1814 - 1935	1892 - 1912	1904	Sommerhalbjahr	1904-Sommerhalbjahr		11670	106
340	Vorlesungsverzeichnisse 1777 - 1797, 1814 - 1935	1892 - 1912	1904 / 1905	Winterhalbjahr	1904 / 1905-Winterhalbjahr		11776	111
341	Vorlesungsverzeichnisse 1777 - 1797, 1814 - 1935	1892 - 1912	1905	Sommerhalbjahr	1905-Sommerhalbjahr		11887	114
342	Vorlesungsverzeichnisse 1777 - 1797, 1814 - 1935	1892 - 1912	1905 / 1906	Winterhalbjahr	1905 / 1906-Winterhalbjahr		12001	120
343	Vorlesungsverzeichnisse 1777 - 1797, 1814 - 1935	1892 - 1912	1906	Sommerhalbjahr	1906-Sommerhalbjahr		12121	125
344	Vorlesungsverzeichnisse 1777 - 1797, 1814 - 1935	1892 - 1912	1906 / 1907	Winterhalbjahr	1906 / 1907-Winterhalbjahr		12246	126
345	Vorlesungsverzeichnisse 1777 - 1797, 1814 - 1935	1892 - 1912	1907	Sommerhalbjahr	1907-Sommerhalbjahr		12372	128
346	Vorlesungsverzeichnisse 1777 - 1797, 1814 - 1935	1892 - 1912	1907 / 1908	Winterhalbjahr	1907 / 1908-Winterhalbjahr		12500	128
347	Vorlesungsverzeichnisse 1777 - 1797, 1814 - 1935	1892 - 1912	1908	Sommerhalbjahr	1908-Sommerhalbjahr		12628	134
348	Vorlesungsverzeichnisse 1777 - 1797, 1814 - 1935	1892 - 1912	1908 / 1909	Winterhalbjahr	1908 / 1909-Winterhalbjahr		12762	132
349	Vorlesungsverzeichnisse 1777 - 1797, 1814 - 1935	1892 - 1912	1909	Sommerhalbjahr	1909-Sommerhalbjahr		12894	134
350	Vorlesungsverzeichnisse 1777 - 1797, 1814 - 1935	1892 - 1912	1909 / 1910	Winterhalbjahr	1909 / 1910-Winterhalbjahr		13028	138
351	Vorlesungsverzeichnisse 1777 - 1797, 1814 - 1935	1892 - 1912	1910	Sommerhalbjahr	1910-Sommerhalbjahr		13166	142
352	Vorlesungsverzeichnisse 1777 - 1797, 1814 - 1935	1892 - 1912	1910 / 1911	Winterhalbjahr	1910 / 1911-Winterhalbjahr		13308	130
353	Vorlesungsverzeichnisse 1777 - 1797, 1814 - 1935	1892 - 1912	1911	Sommerhalbjahr	1911-Sommerhalbjahr		13438	136
354	Vorlesungsverzeichnisse 1777 - 1797, 1814 - 1935	1892 - 1912	1911 / 1912	Winterhalbjahr	1911 / 1912-Winterhalbjahr		13574	146
355	Vorlesungsverzeichnisse 1777 - 1797, 1814 - 1935	1892 - 1912	1912	Sommerhalbjahr	1912-Sommerhalbjahr		13720	146
356	Vorlesungsverzeichnisse 1777 - 1797, 1814 - 1935	1912 - 1935	1912 / 1913	Winterhalbjahr	1912 / 1913-Winterhalbjahr		13866	150
357	Vorlesungsverzeichnisse 1777 - 1797, 1814 - 1935	1912 - 1935	1913	Sommerhalbjahr	1913-Sommerhalbjahr		14016	156
358	Vorlesungsverzeichnisse 1777 - 1797, 1814 - 1935	1912 - 1935	1913 / 1914	Winterhalbjahr	1913 / 1914-Winterhalbjahr		14172	156
359	Vorlesungsverzeichnisse 1777 - 1797, 1814 - 1935	1912 - 1935	1914	Sommerhalbjahr	1914-Sommerhalbjahr		14328	158
360	Vorlesungsverzeichnisse 1777 - 1797, 1814 - 1935	1912 - 1935	1914 / 1915	Winterhalbjahr	1914 / 1915-Winterhalbjahr		14486	160
361	Vorlesungsverzeichnisse 1777 - 1797, 1814 - 1935	1912 - 1935	1915	Sommerhalbjahr	1915-Sommerhalbjahr		14646	144
362	Vorlesungsverzeichnisse 1777 - 1797, 1814 - 1935	1912 - 1935	1915 / 1916	Winterhalbjahr	1915 / 1916-Winterhalbjahr		14790	166
363	Vorlesungsverzeichnisse 1777 - 1797, 1814 - 1935	1912 - 1935	1916	Sommerhalbjahr	1916-Sommerhalbjahr		14956	161
364	Vorlesungsverzeichnisse 1777 - 1797, 1814 - 1935	1912 - 1935	1916 / 1917	Winterhalbjahr	1916 / 1917-Winterhalbjahr		15117	158
365	Vorlesungsverzeichnisse 1777 - 1797, 1814 - 1935	1912 - 1935	1917	Sommerhalbjahr	1917-Sommerhalbjahr		15275	112
366	Vorlesungsverzeichnisse 1777 - 1797, 1814 - 1935	1912 - 1935	1917 / 1918	Winterhalbjahr	1917 / 1918-Winterhalbjahr		15387	88
367	Vorlesungsverzeichnisse 1777 - 1797, 1814 - 1935	1912 - 1935	1918	Sommerhalbjahr	1918-Sommerhalbjahr		15475	86
368	Vorlesungsverzeichnisse 1777 - 1797, 1814 - 1935	1912 - 1935	1918 / 1919	Winterhalbjahr	1918 / 1919-Winterhalbjahr		15561	88
369	Vorlesungsverzeichnisse 1777 - 1797, 1814 - 1935	1912 - 1935	1919	Zwischensemester Februar - April	1919-Zwischensemester Februar - April		15649	20
370	Vorlesungsverzeichnisse 1777 - 1797, 1814 - 1935	1912 - 1935	1919	Sommerhalbjahr	1919-Sommerhalbjahr		15669	94
371	Vorlesungsverzeichnisse 1777 - 1797, 1814 - 1935	1912 - 1935	1919 / 1920	Winterhalbjahr	1919 / 1920-Winterhalbjahr		15763	98
372	Vorlesungsverzeichnisse 1777 - 1797, 1814 - 1935	1912 - 1935	1920	Zwischensemester Februar - März	1920-Zwischensemester Februar - März		15861	28
373	Vorlesungsverzeichnisse 1777 - 1797, 1814 - 1935	1912 - 1935	1920	Sommerhalbjahr	1920-Sommerhalbjahr		15889	61
374	Vorlesungsverzeichnisse 1777 - 1797, 1814 - 1935	1912 - 1935	1920 / 1921	Winterhalbjahr	1920 / 1921-Winterhalbjahr		15950	58
375	Vorlesungsverzeichnisse 1777 - 1797, 1814 - 1935	1912 - 1935	1921	Sommerhalbjahr	1921-Sommerhalbjahr		16008	60
376	Vorlesungsverzeichnisse 1777 - 1797, 1814 - 1935	1912 - 1935	1921 / 1922	Winterhalbjahr	1921 / 1922-Winterhalbjahr		16068	62
377	Vorlesungsverzeichnisse 1777 - 1797, 1814 - 1935	1912 - 1935	1922	Sommerhalbjahr	1922-Sommerhalbjahr		16130	62
378	Vorlesungsverzeichnisse 1777 - 1797, 1814 - 1935	1912 - 1935	1922 / 1923	Winterhalbjahr	1922 / 1923-Winterhalbjahr		16192	62
379	Vorlesungsverzeichnisse 1777 - 1797, 1814 - 1935	1912 - 1935	1923	Sommerhalbjahr	1923-Sommerhalbjahr		16254	58
380	Vorlesungsverzeichnisse 1777 - 1797, 1814 - 1935	1912 - 1935	1923 / 1924	Winterhalbjahr	1923 / 1924-Winterhalbjahr		16312	26
381	Vorlesungsverzeichnisse 1777 - 1797, 1814 - 1935	1912 - 1935	1924	Sommerhalbjahr	1924-Sommerhalbjahr		16338	26
382	Vorlesungsverzeichnisse 1777 - 1797, 1814 - 1935	1912 - 1935	1924 / 1925	Winterhalbjahr	1924 / 1925-Winterhalbjahr		16364	26
383	Vorlesungsverzeichnisse 1777 - 1797, 1814 - 1935	1912 - 1935	1925	Sommerhalbjahr	1925-Sommerhalbjahr		16390	32
384	Vorlesungsverzeichnisse 1777 - 1797, 1814 - 1935	1912 - 1935	1925 / 1926	Winterhalbjahr	1925 / 1926-Winterhalbjahr		16422	50
385	Vorlesungsverzeichnisse 1777 - 1797, 1814 - 1935	1912 - 1935	1926	Sommerhalbjahr	1926-Sommerhalbjahr		16472	52
386	Vorlesungsverzeichnisse 1777 - 1797, 1814 - 1935	1912 - 1935	1926 / 1927	Winterhalbjahr	1926 / 1927-Winterhalbjahr		16524	58
387	Vorlesungsverzeichnisse 1777 - 1797, 1814 - 1935	1912 - 1935	1927	Sommerhalbjahr	1927-Sommerhalbjahr		16582	71
388	Vorlesungsverzeichnisse 1777 - 1797, 1814 - 1935	1912 - 1935	1927 / 1928	Winterhalbjahr	1927 / 1928-Winterhalbjahr		16653	73
389	Vorlesungsverzeichnisse 1777 - 1797, 1814 - 1935	1912 - 1935	1928	Sommerhalbjahr	1928-Sommerhalbjahr		16726	79
390	Vorlesungsverzeichnisse 1777 - 1797, 1814 - 1935	1912 - 1935	1928 / 1929	Winterhalbjahr	1928 / 1929-Winterhalbjahr		16805	76
391	Vorlesungsverzeichnisse 1777 - 1797, 1814 - 1935	1912 - 1935	1929	Sommerhalbjahr	1929-Sommerhalbjahr		16881	79
392	Vorlesungsverzeichnisse 1777 - 1797, 1814 - 1935	1912 - 1935	1929 / 1930	Winterhalbjahr	1929 / 1930-Winterhalbjahr		16960	79
393	Vorlesungsverzeichnisse 1777 - 1797, 1814 - 1935	1912 - 1935	1930	Sommerhalbjahr	1930-Sommerhalbjahr		17039	83
394	Vorlesungsverzeichnisse 1777 - 1797, 1814 - 1935	1912 - 1935	1930 / 1931	Winterhalbjahr	1930 / 1931-Winterhalbjahr		17122	82
395	Vorlesungsverzeichnisse 1777 - 1797, 1814 - 1935	1912 - 1935	1931	Sommerhalbjahr	1931-Sommerhalbjahr		17204	85
396	Vorlesungsverzeichnisse 1777 - 1797, 1814 - 1935	1912 - 1935	1931 / 1932	Winterhalbjahr	1931 / 1932-Winterhalbjahr		17289	87
397	Vorlesungsverzeichnisse 1777 - 1797, 1814 - 1935	1912 - 1935	1932	Sommerhalbjahr	1932-Sommerhalbjahr		17376	85
398	Vorlesungsverzeichnisse 1777 - 1797, 1814 - 1935	1912 - 1935	1932 / 1933	Winterhalbjahr	1932 / 1933-Winterhalbjahr		17461	84
399	Vorlesungsverzeichnisse 1777 - 1797, 1814 - 1935	1912 - 1935	1933	Sommerhalbjahr	1933-Sommerhalbjahr		17545	85
400	Vorlesungsverzeichnisse 1777 - 1797, 1814 - 1935	1912 - 1935	1933 / 1934	Winterhalbjahr	1933 / 1934-Winterhalbjahr		17630	87
401	Vorlesungsverzeichnisse 1777 - 1797, 1814 - 1935	1912 - 1935	1934	Sommerhalbjahr	1934-Sommerhalbjahr		17717	86
402	Vorlesungsverzeichnisse 1777 - 1797, 1814 - 1935	1912 - 1935	1934 / 1935	Winterhalbjahr	1934 / 1935-Winterhalbjahr		17803	90
403	Vorlesungsverzeichnisse 1777 - 1797, 1814 - 1935	1912 - 1935	1935	Sommerhalbjahr	1935-Sommerhalbjahr		17893	88
404	Personalverzeichnisse 1831 - 1934	1831 - 1855	1831	Sommerhalbjahr	1831-Sommerhalbjahr		17981	37
405	Personalverzeichnisse 1831 - 1934	1831 - 1855	1831 / 1832	Winterhalbjahr	1831 / 1832-Winterhalbjahr		18018	27
406	Personalverzeichnisse 1831 - 1934	1831 - 1855	1834	Sommerhalbjahr	1834-Sommerhalbjahr		18045	23
407	Personalverzeichnisse 1831 - 1934	1831 - 1855	1835	Sommerhalbjahr	1835-Sommerhalbjahr		18068	22
408	Personalverzeichnisse 1831 - 1934	1831 - 1855	1836	Sommerhalbjahr	1836-Sommerhalbjahr		18090	22
409	Personalverzeichnisse 1831 - 1934	1831 - 1855	1836 / 1837	Sommerhalbjahr / Winterhalbjahr - Nachtrag	1836 / 1837-Sommerhalbjahr / Winterhalbjahr - Nachtrag		18112	6
410	Personalverzeichnisse 1831 - 1934	1831 - 1855	1837	Sommerhalbjahr	1837-Sommerhalbjahr		18118	38
411	Personalverzeichnisse 1831 - 1934	1831 - 1855	1837 / 1838	Winterhalbjahr - Nachtrag	1837 / 1838-Winterhalbjahr - Nachtrag		18156	8
412	Personalverzeichnisse 1831 - 1934	1831 - 1855	1838	Sommerhalbjahr	1838-Sommerhalbjahr		18164	38
413	Personalverzeichnisse 1831 - 1934	1831 - 1855	1838 / 1839	Winterhalbjahr - Nachtrag	1838 / 1839-Winterhalbjahr - Nachtrag		18202	8
414	Personalverzeichnisse 1831 - 1934	1831 - 1855	1839	Sommerhalbjahr	1839-Sommerhalbjahr		18210	37
415	Personalverzeichnisse 1831 - 1934	1831 - 1855	1839 / 1840	Winterhalbjahr - Nachtrag	1839 / 1840-Winterhalbjahr - Nachtrag		18247	8
416	Personalverzeichnisse 1831 - 1934	1831 - 1855	1840	Sommerhalbjahr	1840-Sommerhalbjahr		18255	37
417	Personalverzeichnisse 1831 - 1934	1831 - 1855	1840 / 1841	Winterhalbjahr - Nachtrag	1840 / 1841-Winterhalbjahr - Nachtrag		18292	8
418	Personalverzeichnisse 1831 - 1934	1831 - 1855	1841	Sommerhalbjahr	1841-Sommerhalbjahr		18300	38
419	Personalverzeichnisse 1831 - 1934	1831 - 1855	1841 / 1842	Winterhalbjahr	1841 / 1842-Winterhalbjahr		18338	38
420	Personalverzeichnisse 1831 - 1934	1831 - 1855	1842	Sommerhalbjahr	1842-Sommerhalbjahr		18376	38
421	Personalverzeichnisse 1831 - 1934	1831 - 1855	1842-1843	Winterhalbjahr	1842-1843-Winterhalbjahr		18414	38
422	Personalverzeichnisse 1831 - 1934	1831 - 1855	1843	Sommerhalbjahr	1843-Sommerhalbjahr		18452	38
423	Personalverzeichnisse 1831 - 1934	1831 - 1855	1843 / 1844	Winterhalbjahr	1843 / 1844-Winterhalbjahr		18490	40
424	Personalverzeichnisse 1831 - 1934	1831 - 1855	1844	Sommerhalbjahr	1844-Sommerhalbjahr		18530	40
425	Personalverzeichnisse 1831 - 1934	1831 - 1855	1844 / 1845	Winterhalbjahr	1844 / 1845-Winterhalbjahr		18570	40
426	Personalverzeichnisse 1831 - 1934	1831 - 1855	1845	Sommerhalbjahr	1845-Sommerhalbjahr		18610	40
427	Personalverzeichnisse 1831 - 1934	1831 - 1855	1845 / 1846	Winterhalbjahr	1845 / 1846-Winterhalbjahr		18650	39
428	Personalverzeichnisse 1831 - 1934	1831 - 1855	1846	Sommerhalbjahr	1846-Sommerhalbjahr		18689	39
429	Personalverzeichnisse 1831 - 1934	1831 - 1855	1846 / 1847	Winterhalbjahr	1846 / 1847-Winterhalbjahr		18728	40
430	Personalverzeichnisse 1831 - 1934	1831 - 1855	1847	Sommerhalbjahr	1847-Sommerhalbjahr		18768	40
431	Personalverzeichnisse 1831 - 1934	1831 - 1855	1847 / 1848	Winterhalbjahr	1847 / 1848-Winterhalbjahr		18808	40
432	Personalverzeichnisse 1831 - 1934	1831 - 1855	1848	Sommerhalbjahr	1848-Sommerhalbjahr		18848	40
433	Personalverzeichnisse 1831 - 1934	1831 - 1855	1848 / 1849	Winterhalbjahr	1848 / 1849-Winterhalbjahr		18888	40
434	Personalverzeichnisse 1831 - 1934	1831 - 1855	1849	Sommerhalbjahr	1849-Sommerhalbjahr		18928	41
435	Personalverzeichnisse 1831 - 1934	1831 - 1855	1849 / 1850	Winterhalbjahr	1849 / 1850-Winterhalbjahr		18969	40
436	Personalverzeichnisse 1831 - 1934	1831 - 1855	1850	Sommerhalbjahr	1850-Sommerhalbjahr		19009	40
437	Personalverzeichnisse 1831 - 1934	1831 - 1855	1850 / 1851	Winterhalbjahr	1850 / 1851-Winterhalbjahr		19049	40
438	Personalverzeichnisse 1831 - 1934	1831 - 1855	1851	Sommerhalbjahr	1851-Sommerhalbjahr		19089	39
439	Personalverzeichnisse 1831 - 1934	1831 - 1855	1851 / 1852	Winterhalbjahr	1851 / 1852-Winterhalbjahr		19128	39
440	Personalverzeichnisse 1831 - 1934	1831 - 1855	1852	Sommerhalbjahr	1852-Sommerhalbjahr		19167	39
441	Personalverzeichnisse 1831 - 1934	1831 - 1855	1852 / 1853	Winterhalbjahr	1852 / 1853-Winterhalbjahr		19206	38
442	Personalverzeichnisse 1831 - 1934	1831 - 1855	1853	Sommerhalbjahr	1853-Sommerhalbjahr		19244	39
443	Personalverzeichnisse 1831 - 1934	1831 - 1855	1853 / 1854	Winterhalbjahr	1853 / 1854-Winterhalbjahr		19283	39
444	Personalverzeichnisse 1831 - 1934	1831 - 1855	1854	Sommerhalbjahr	1854-Sommerhalbjahr		19322	39
445	Personalverzeichnisse 1831 - 1934	1831 - 1855	1854 / 1855	Winterhalbjahr	1854 / 1855-Winterhalbjahr		19361	39
446	Personalverzeichnisse 1831 - 1934	1831 - 1855	1855	Sommerhalbjahr	1855-Sommerhalbjahr		19400	39
447	Personalverzeichnisse 1831 - 1934	1855 / 1856 - 1877	1855 / 1856	Winterhalbjahr	1855 / 1856-Winterhalbjahr		19439	39
448	Personalverzeichnisse 1831 - 1934	1855 / 1856 - 1877	1856	Sommerhalbjahr	1856-Sommerhalbjahr		19478	38
449	Personalverzeichnisse 1831 - 1934	1855 / 1856 - 1877	1856 / 1857	Winterhalbjahr	1856 / 1857-Winterhalbjahr		19516	41
450	Personalverzeichnisse 1831 - 1934	1855 / 1856 - 1877	1857	Sommerhalbjahr	1857-Sommerhalbjahr		19557	41
451	Personalverzeichnisse 1831 - 1934	1855 / 1856 - 1877	1857 / 1858	Winterhalbjahr	1857 / 1858-Winterhalbjahr		19598	42
452	Personalverzeichnisse 1831 - 1934	1855 / 1856 - 1877	1858	Sommerhalbjahr	1858-Sommerhalbjahr		19640	42
453	Personalverzeichnisse 1831 - 1934	1855 / 1856 - 1877	1858 / 1859	Winterhalbjahr	1858 / 1859-Winterhalbjahr		19682	43
454	Personalverzeichnisse 1831 - 1934	1855 / 1856 - 1877	1859	Sommerhalbjahr	1859-Sommerhalbjahr		19725	42
455	Personalverzeichnisse 1831 - 1934	1855 / 1856 - 1877	1859 / 1860	Winterhalbjahr	1859 / 1860-Winterhalbjahr		19767	42
456	Personalverzeichnisse 1831 - 1934	1855 / 1856 - 1877	1860	Sommerhalbjahr	1860-Sommerhalbjahr		19809	42
457	Personalverzeichnisse 1831 - 1934	1855 / 1856 - 1877	1860 / 1861	Winterhalbjahr	1860 / 1861-Winterhalbjahr		19851	44
458	Personalverzeichnisse 1831 - 1934	1855 / 1856 - 1877	1861	Sommerhalbjahr	1861-Sommerhalbjahr		19895	44
459	Personalverzeichnisse 1831 - 1934	1855 / 1856 - 1877	1861 / 1862	Winterhalbjahr	1861 / 1862-Winterhalbjahr		19939	44
460	Personalverzeichnisse 1831 - 1934	1855 / 1856 - 1877	1862	Sommerhalbjahr	1862-Sommerhalbjahr		19983	46
461	Personalverzeichnisse 1831 - 1934	1855 / 1856 - 1877	1862 / 1863	Winterhalbjahr	1862 / 1863-Winterhalbjahr		20029	47
462	Personalverzeichnisse 1831 - 1934	1855 / 1856 - 1877	1863	Sommerhalbjahr	1863-Sommerhalbjahr		20076	46
463	Personalverzeichnisse 1831 - 1934	1855 / 1856 - 1877	1863 / 1864	Winterhalbjahr	1863 / 1864-Winterhalbjahr		20122	46
464	Personalverzeichnisse 1831 - 1934	1855 / 1856 - 1877	1864	Sommerhalbjahr	1864-Sommerhalbjahr		20168	47
465	Personalverzeichnisse 1831 - 1934	1855 / 1856 - 1877	1864 / 1865	Winterhalbjahr	1864 / 1865-Winterhalbjahr		20215	46
466	Personalverzeichnisse 1831 - 1934	1855 / 1856 - 1877	1865	Sommerhalbjahr	1865-Sommerhalbjahr		20261	47
467	Personalverzeichnisse 1831 - 1934	1855 / 1856 - 1877	1865 / 1866	Winterhalbjahr	1865 / 1866-Winterhalbjahr		20308	49
468	Personalverzeichnisse 1831 - 1934	1855 / 1856 - 1877	1866	Sommerhalbjahr	1866-Sommerhalbjahr		20357	52
469	Personalverzeichnisse 1831 - 1934	1855 / 1856 - 1877	1866 / 1867	Winterhalbjahr	1866 / 1867-Winterhalbjahr		20409	52
470	Personalverzeichnisse 1831 - 1934	1855 / 1856 - 1877	1867	Sommerhalbjahr	1867-Sommerhalbjahr		20461	52
471	Personalverzeichnisse 1831 - 1934	1855 / 1856 - 1877	1867 / 1868	Winterhalbjahr	1867 / 1868-Winterhalbjahr		20513	56
472	Personalverzeichnisse 1831 - 1934	1855 / 1856 - 1877	1868	Sommerhalbjahr	1868-Sommerhalbjahr		20569	60
473	Personalverzeichnisse 1831 - 1934	1855 / 1856 - 1877	1868 / 1869	Winterhalbjahr	1868 / 1869-Winterhalbjahr		20629	62
474	Personalverzeichnisse 1831 - 1934	1855 / 1856 - 1877	1869	Sommerhalbjahr	1869-Sommerhalbjahr		20691	64
475	Personalverzeichnisse 1831 - 1934	1855 / 1856 - 1877	1869 / 1870	Winterhalbjahr	1869 / 1870-Winterhalbjahr		20755	66
476	Personalverzeichnisse 1831 - 1934	1855 / 1856 - 1877	1870	Sommerhalbjahr	1870-Sommerhalbjahr		20821	70
477	Personalverzeichnisse 1831 - 1934	1855 / 1856 - 1877	1870 / 1871	Winterhalbjahr	1870 / 1871-Winterhalbjahr		20891	76
478	Personalverzeichnisse 1831 - 1934	1855 / 1856 - 1877	1871	Sommerhalbjahr	1871-Sommerhalbjahr		20967	78
479	Personalverzeichnisse 1831 - 1934	1855 / 1856 - 1877	1871 / 1872	Winterhalbjahr	1871 / 1872-Winterhalbjahr		21045	86
480	Personalverzeichnisse 1831 - 1934	1855 / 1856 - 1877	1872	Sommerhalbjahr	1872-Sommerhalbjahr		21131	90
481	Personalverzeichnisse 1831 - 1934	1855 / 1856 - 1877	1872 / 1873	Winterhalbjahr	1872 / 1873-Winterhalbjahr		21221	99
482	Personalverzeichnisse 1831 - 1934	1855 / 1856 - 1877	1873	Sommerhalbjahr	1873-Sommerhalbjahr		21320	101
483	Personalverzeichnisse 1831 - 1934	1855 / 1856 - 1877	1873 / 1874	Winterhalbjahr	1873 / 1874-Winterhalbjahr		21421	104
484	Personalverzeichnisse 1831 - 1934	1855 / 1856 - 1877	1874	Sommerhalbjahr	1874-Sommerhalbjahr		21525	98
485	Personalverzeichnisse 1831 - 1934	1855 / 1856 - 1877	1874 / 1875	Winterhalbjahr	1874 / 1875-Winterhalbjahr		21623	108
486	Personalverzeichnisse 1831 - 1934	1855 / 1856 - 1877	1875	Sommerhalbjahr	1875-Sommerhalbjahr		21731	107
487	Personalverzeichnisse 1831 - 1934	1855 / 1856 - 1877	1875 / 1876	Winterhalbjahr	1875 / 1876-Winterhalbjahr		21838	108
488	Personalverzeichnisse 1831 - 1934	1855 / 1856 - 1877	1876	Sommerhalbjahr	1876-Sommerhalbjahr		21946	105
489	Personalverzeichnisse 1831 - 1934	1855 / 1856 - 1877	1876 / 1877	Winterhalbjahr	1876 / 1877-Winterhalbjahr		22051	112
490	Personalverzeichnisse 1831 - 1934	1855 / 1856 - 1877	1877	Sommerhalbjahr	1877-Sommerhalbjahr		22163	112
491	Personalverzeichnisse 1831 - 1934	1877 - 1892	1877 / 1878	Winterhalbjahr	1877 / 1878-Winterhalbjahr		22275	118
492	Personalverzeichnisse 1831 - 1934	1877 - 1892	1878	Sommerhalbjahr	1878-Sommerhalbjahr		22393	116
493	Personalverzeichnisse 1831 - 1934	1877 - 1892	1878 / 1879	Winterhalbjahr	1878 / 1879-Winterhalbjahr		22509	134
494	Personalverzeichnisse 1831 - 1934	1877 - 1892	1879	Sommerhalbjahr	1879-Sommerhalbjahr		22643	129
495	Personalverzeichnisse 1831 - 1934	1877 - 1892	1879 / 1880	Winterhalbjahr	1879 / 1880-Winterhalbjahr		22772	140
496	Personalverzeichnisse 1831 - 1934	1877 - 1892	1880	Sommerhalbjahr	1880-Sommerhalbjahr		22912	140
497	Personalverzeichnisse 1831 - 1934	1877 - 1892	1880 / 1881	Winterhalbjahr	1880 / 1881-Winterhalbjahr		23052	146
498	Personalverzeichnisse 1831 - 1934	1877 - 1892	1881	Sommerhalbjahr	1881-Sommerhalbjahr		23198	144
499	Personalverzeichnisse 1831 - 1934	1877 - 1892	1881 / 1882	Winterhalbjahr	1881 / 1882-Winterhalbjahr		23342	144
500	Personalverzeichnisse 1831 - 1934	1877 - 1892	1882	Sommerhalbjahr	1882-Sommerhalbjahr		23486	138
501	Personalverzeichnisse 1831 - 1934	1877 - 1892	1882 / 1883	Winterhalbjahr	1882 / 1883-Winterhalbjahr		23624	146
502	Personalverzeichnisse 1831 - 1934	1877 - 1892	1883	Sommerhalbjahr	1883-Sommerhalbjahr		23770	136
503	Personalverzeichnisse 1831 - 1934	1877 - 1892	1883 / 1884	Winterhalbjahr	1883 / 1884-Winterhalbjahr		23906	143
504	Personalverzeichnisse 1831 - 1934	1877 - 1892	1884	Sommerhalbjahr	1884-Sommerhalbjahr		24049	135
505	Personalverzeichnisse 1831 - 1934	1877 - 1892	1884 / 1885	Winterhalbjahr	1884 / 1885-Winterhalbjahr		24184	138
506	Personalverzeichnisse 1831 - 1934	1877 - 1892	1885	Sommerhalbjahr	1885-Sommerhalbjahr		24322	136
507	Personalverzeichnisse 1831 - 1934	1877 - 1892	1885 / 1886	Winterhalbjahr	1885 / 1886-Winterhalbjahr		24458	140
508	Personalverzeichnisse 1831 - 1934	1877 - 1892	1886	Sommerhalbjahr	1886-Sommerhalbjahr		24598	134
509	Personalverzeichnisse 1831 - 1934	1877 - 1892	1886 / 1887	Winterhalbjahr	1886 / 1887-Winterhalbjahr		24732	140
510	Personalverzeichnisse 1831 - 1934	1877 - 1892	1887	Sommerhalbjahr	1887-Sommerhalbjahr		24872	136
511	Personalverzeichnisse 1831 - 1934	1877 - 1892	1887 / 1888	Winterhalbjahr	1887 / 1888-Winterhalbjahr		25008	144
512	Personalverzeichnisse 1831 - 1934	1877 - 1892	1888	Sommerhalbjahr	1888-Sommerhalbjahr		25152	142
513	Personalverzeichnisse 1831 - 1934	1877 - 1892	1888 / 1889	Winterhalbjahr	1888 / 1889-Winterhalbjahr		25294	150
514	Personalverzeichnisse 1831 - 1934	1877 - 1892	1889	Sommerhalbjahr	1889-Sommerhalbjahr		25444	148
515	Personalverzeichnisse 1831 - 1934	1877 - 1892	1889 / 1890	Winterhalbjahr	1889 / 1890-Winterhalbjahr		25592	150
516	Personalverzeichnisse 1831 - 1934	1877 - 1892	1890	Sommerhalbjahr	1890-Sommerhalbjahr		25742	160
517	Personalverzeichnisse 1831 - 1934	1877 - 1892	1890 / 1891	Winterhalbjahr	1890 / 1891-Winterhalbjahr		25902	168
518	Personalverzeichnisse 1831 - 1934	1877 - 1892	1891	Sommerhalbjahr	1891-Sommerhalbjahr		26070	162
519	Personalverzeichnisse 1831 - 1934	1877 - 1892	1891 / 1892	Winterhalbjahr	1891 / 1892-Winterhalbjahr		26232	170
520	Personalverzeichnisse 1831 - 1934	1877 - 1892	1892	Sommerhalbjahr	1892-Sommerhalbjahr		26402	164
521	Personalverzeichnisse 1831 - 1934	1877 - 1892	1892 / 1893	Winterhalbjahr	1892 / 1893-Winterhalbjahr		26566	170
522	Personalverzeichnisse 1831 - 1934	1893 - 1906	1893	Sommerhalbjahr	1893-Sommerhalbjahr		26736	160
523	Personalverzeichnisse 1831 - 1934	1893 - 1906	1893 / 1894	Winterhalbjahr	1893 / 1894-Winterhalbjahr		26896	164
524	Personalverzeichnisse 1831 - 1934	1893 - 1906	1894	Sommerhalbjahr	1894-Sommerhalbjahr		27060	156
525	Personalverzeichnisse 1831 - 1934	1893 - 1906	1894 / 1895	Winterhalbjahr	1894 / 1895-Winterhalbjahr		27216	160
526	Personalverzeichnisse 1831 - 1934	1893 - 1906	1895	Sommerhalbjahr	1895-Sommerhalbjahr		27376	156
527	Personalverzeichnisse 1831 - 1934	1893 - 1906	1895 / 1896	Winterhalbjahr	1895 / 1896-Winterhalbjahr		27532	162
528	Personalverzeichnisse 1831 - 1934	1893 - 1906	1896	Sommerhalbjahr	1896-Sommerhalbjahr		27694	158
529	Personalverzeichnisse 1831 - 1934	1893 - 1906	1896 / 1897	Winterhalbjahr	1896 / 1897-Winterhalbjahr		27852	168
530	Personalverzeichnisse 1831 - 1934	1893 - 1906	1897	Sommerhalbjahr	1897-Sommerhalbjahr		28020	164
531	Personalverzeichnisse 1831 - 1934	1893 - 1906	1897 / 1898	Winterhalbjahr	1897 / 1898-Winterhalbjahr		28184	174
532	Personalverzeichnisse 1831 - 1934	1893 - 1906	1898	Sommerhalbjahr	1898-Sommerhalbjahr		28358	176
533	Personalverzeichnisse 1831 - 1934	1893 - 1906	1898 / 1899	Winterhalbjahr	1898 / 1899-Winterhalbjahr		28534	178
534	Personalverzeichnisse 1831 - 1934	1893 - 1906	1899	Sommerhalbjahr	1899-Sommerhalbjahr		28712	178
535	Personalverzeichnisse 1831 - 1934	1893 - 1906	1899 / 1900	Winterhalbjahr	1899 / 1900-Winterhalbjahr		28890	186
536	Personalverzeichnisse 1831 - 1934	1893 - 1906	1900	Sommerhalbjahr	1900-Sommerhalbjahr		29076	184
537	Personalverzeichnisse 1831 - 1934	1893 - 1906	1900 / 1901	Winterhalbjahr	1900 / 1901-Winterhalbjahr		29260	200
538	Personalverzeichnisse 1831 - 1934	1893 - 1906	1901	Sommerhalbjahr	1901-Sommerhalbjahr		29460	196
539	Personalverzeichnisse 1831 - 1934	1893 - 1906	1901 / 1902	Winterhalbjahr	1901 / 1902-Winterhalbjahr		29656	202
540	Personalverzeichnisse 1831 - 1934	1893 - 1906	1902	Sommerhalbjahr	1902-Sommerhalbjahr		29858	188
541	Personalverzeichnisse 1831 - 1934	1893 - 1906	1902 / 1903	Winterhalbjahr	1902 / 1903-Winterhalbjahr		30046	192
542	Personalverzeichnisse 1831 - 1934	1893 - 1906	1903	Sommerhalbjahr	1903-Sommerhalbjahr		30238	186
543	Personalverzeichnisse 1831 - 1934	1893 - 1906	1903 / 1904	Winterhalbjahr	1903 / 1904-Winterhalbjahr		30424	190
544	Personalverzeichnisse 1831 - 1934	1893 - 1906	1904	Sommerhalbjahr	1904-Sommerhalbjahr		30614	182
545	Personalverzeichnisse 1831 - 1934	1893 - 1906	1904 / 1905	Winterhalbjahr	1904 / 1905-Winterhalbjahr		30796	192
546	Personalverzeichnisse 1831 - 1934	1893 - 1906	1905	Sommerhalbjahr	1905-Sommerhalbjahr		30988	192
547	Personalverzeichnisse 1831 - 1934	1893 - 1906	1905 / 1906	Winterhalbjahr	1905 / 1906-Winterhalbjahr		31180	204
548	Personalverzeichnisse 1831 - 1934	1906 - 1916	1906	Sommerhalbjahr	1906-Sommerhalbjahr		31384	202
549	Personalverzeichnisse 1831 - 1934	1906 - 1916	1906 / 1907	Winterhalbjahr	1906 / 1907-Winterhalbjahr		31586	212
550	Personalverzeichnisse 1831 - 1934	1906 - 1916	1907	Sommerhalbjahr	1907-Sommerhalbjahr		31798	202
551	Personalverzeichnisse 1831 - 1934	1906 - 1916	1907 / 1908	Winterhalbjahr	1907 / 1908-Winterhalbjahr		32000	210
552	Personalverzeichnisse 1831 - 1934	1906 - 1916	1908	Sommerhalbjahr	1908-Sommerhalbjahr		32210	202
553	Personalverzeichnisse 1831 - 1934	1906 - 1916	1908 / 1909	Winterhalbjahr	1908 / 1909-Winterhalbjahr		32412	214
554	Personalverzeichnisse 1831 - 1934	1906 - 1916	1909	Sommerhalbjahr	1909-Sommerhalbjahr		32626	222
555	Personalverzeichnisse 1831 - 1934	1906 - 1916	1909 / 1910	Winterhalbjahr	1909 / 1910-Winterhalbjahr		32848	225
556	Personalverzeichnisse 1831 - 1934	1906 - 1916	1910	Sommerhalbjahr	1910-Sommerhalbjahr		33073	220
557	Personalverzeichnisse 1831 - 1934	1906 - 1916	1910 / 1911	Winterhalbjahr	1910 / 1911-Winterhalbjahr		33293	230
558	Personalverzeichnisse 1831 - 1934	1906 - 1916	1911	Sommerhalbjahr	1911-Sommerhalbjahr		33523	230
559	Personalverzeichnisse 1831 - 1934	1906 - 1916	1911 / 1912	Winterhalbjahr	1911 / 1912-Winterhalbjahr		33753	238
560	Personalverzeichnisse 1831 - 1934	1906 - 1916	1912	Sommerhalbjahr	1912-Sommerhalbjahr		33991	236
561	Personalverzeichnisse 1831 - 1934	1906 - 1916	1912 / 1913	Winterhalbjahr	1912 / 1913-Winterhalbjahr		34227	244
562	Personalverzeichnisse 1831 - 1934	1906 - 1916	1913	Sommerhalbjahr	1913-Sommerhalbjahr		34471	238
563	Personalverzeichnisse 1831 - 1934	1906 - 1916	1913 / 1914	Winterhalbjahr	1913 / 1914-Winterhalbjahr		34709	250
564	Personalverzeichnisse 1831 - 1934	1906 - 1916	1914	Sommerhalbjahr	1914-Sommerhalbjahr		34959	248
565	Personalverzeichnisse 1831 - 1934	1906 - 1916	1914 / 1915	Winterhalbjahr	1914 / 1915-Winterhalbjahr		35207	236
566	Personalverzeichnisse 1831 - 1934	1906 - 1916	1915	Sommerhalbjahr	1915-Sommerhalbjahr		35443	230
567	Personalverzeichnisse 1831 - 1934	1906 - 1916	1915 / 1916	Winterhalbjahr	1915 / 1916-Winterhalbjahr		35673	240
568	Personalverzeichnisse 1831 - 1934	1906 - 1916	1916	Sommerhalbjahr	1916-Sommerhalbjahr		35913	250
569	Personalverzeichnisse 1831 - 1934	1916 - 1934	1916 / 1917	Winterhalbjahr	1916 / 1917-Winterhalbjahr		36163	228
570	Personalverzeichnisse 1831 - 1934	1916 - 1934	1917	Sommerhalbjahr	1917-Sommerhalbjahr		36391	18
571	Personalverzeichnisse 1831 - 1934	1916 - 1934	1917 / 1918	Winterhalbjahr	1917 / 1918-Winterhalbjahr		36409	45
572	Personalverzeichnisse 1831 - 1934	1916 - 1934	1918	Sommerhalbjahr	1918-Sommerhalbjahr		36454	218
573	Personalverzeichnisse 1831 - 1934	1916 - 1934	1918 / 1919	Winterhalbjahr	1918 / 1919-Winterhalbjahr		36672	46
574	Personalverzeichnisse 1831 - 1934	1916 - 1934	1919	Sommerhalbjahr	1919-Sommerhalbjahr		36718	212
575	Personalverzeichnisse 1831 - 1934	1916 - 1934	1919 / 1920	Winterhalbjahr	1919 / 1920-Winterhalbjahr		36930	218
576	Personalverzeichnisse 1831 - 1934	1916 - 1934	1920	Sommerhalbjahr	1920-Sommerhalbjahr		37148	89
577	Personalverzeichnisse 1831 - 1934	1916 - 1934	1920 / 1921	Winterhalbjahr	1920 / 1921-Winterhalbjahr		37237	92
578	Personalverzeichnisse 1831 - 1934	1916 - 1934	1921	Sommerhalbjahr	1921-Sommerhalbjahr		37329	92
579	Personalverzeichnisse 1831 - 1934	1916 - 1934	1921 / 1922	Winterhalbjahr	1921 / 1922-Winterhalbjahr		37421	91
580	Personalverzeichnisse 1831 - 1934	1916 - 1934	1922	Sommerhalbjahr	1922-Sommerhalbjahr		37512	89
581	Personalverzeichnisse 1831 - 1934	1916 - 1934	1922 / 1923	Winterhalbjahr	1922 / 1923-Winterhalbjahr		37601	88
582	Personalverzeichnisse 1831 - 1934	1916 - 1934	1924	Sommerhalbjahr	1924-Sommerhalbjahr		37689	97
583	Personalverzeichnisse 1831 - 1934	1916 - 1934	1924 / 1925	Winterhalbjahr	1924 / 1925-Winterhalbjahr		37786	94
584	Personalverzeichnisse 1831 - 1934	1916 - 1934	1925 / 1926	Winterhalbjahr	1925 / 1926-Winterhalbjahr		37880	180
585	Personalverzeichnisse 1831 - 1934	1916 - 1934	1926 / 1927	Winterhalbjahr	1926 / 1927-Winterhalbjahr		38060	188
586	Personalverzeichnisse 1831 - 1934	1916 - 1934	1927	Sommerhalbjahr	1927-Sommerhalbjahr		38248	192
587	Personalverzeichnisse 1831 - 1934	1916 - 1934	1927 / 1928	Winterhalbjahr	1927 / 1928-Winterhalbjahr		38440	202
588	Personalverzeichnisse 1831 - 1934	1916 - 1934	1928	Sommerhalbjahr	1928-Sommerhalbjahr		38642	100
589	Personalverzeichnisse 1831 - 1934	1916 - 1934	1928 / 1929	Winterhalbjahr	1928 / 1929-Winterhalbjahr		38742	102
590	Personalverzeichnisse 1831 - 1934	1916 - 1934	1929	Sommerhalbjahr	1929-Sommerhalbjahr		38844	102
591	Personalverzeichnisse 1831 - 1934	1916 - 1934	1929 / 1930	Winterhalbjahr	1929 / 1930-Winterhalbjahr		38946	104
592	Personalverzeichnisse 1831 - 1934	1916 - 1934	1930 / 1931	Winterhalbjahr	1930 / 1931-Winterhalbjahr		39050	112
593	Personalverzeichnisse 1831 - 1934	1916 - 1934	1932	Anfang 1932	1932-Anfang 1932		39162	117
594	Personalverzeichnisse 1831 - 1934	1916 - 1934	1934		1934-		39279	126
595	Personal- und Vorlesungsverzeichnisse 1935 - 1975	1935 - 1951	1935 / 1936	Winterhalbjahr-Sommerhalbjahr	1935 / 1936-Winterhalbjahr-Sommerhalbjahr		39405	222
596	Personal- und Vorlesungsverzeichnisse 1935 - 1975	1935 - 1951	1936 / 1937	Winterhalbjahr	1936 / 1937-Winterhalbjahr		39627	178
597	Personal- und Vorlesungsverzeichnisse 1935 - 1975	1935 - 1951	1937	Sommerhalbjahr	1937-Sommerhalbjahr		39805	108
598	Personal- und Vorlesungsverzeichnisse 1935 - 1975	1935 - 1951	1937 / 1938	Winterhalbjahr	1937 / 1938-Winterhalbjahr		39913	186
599	Personal- und Vorlesungsverzeichnisse 1935 - 1975	1935 - 1951	1938	Sommerhalbjahr	1938-Sommerhalbjahr		40099	186
600	Personal- und Vorlesungsverzeichnisse 1935 - 1975	1935 - 1951	1938 / 1939	Winterhalbjahr	1938 / 1939-Winterhalbjahr		40285	183
601	Personal- und Vorlesungsverzeichnisse 1935 - 1975	1935 - 1951	1939	Sommerhalbjahr	1939-Sommerhalbjahr		40468	161
602	Personal- und Vorlesungsverzeichnisse 1935 - 1975	1935 - 1951	1939 / 1940	Winterhalbjahr	1939 / 1940-Winterhalbjahr		40629	159
603	Personal- und Vorlesungsverzeichnisse 1935 - 1975	1935 - 1951	1940	Januar - März	1940-Januar - März		40788	62
604	Personal- und Vorlesungsverzeichnisse 1935 - 1975	1935 - 1951	1940	2. Trimester	1940-2. Trimester		40850	122
605	Personal- und Vorlesungsverzeichnisse 1935 - 1975	1935 - 1951	1940	3. Trimester	1940-3. Trimester		40972	77
606	Personal- und Vorlesungsverzeichnisse 1935 - 1975	1935 - 1951	1941	Januar - März	1941-Januar - März		41049	83
607	Personal- und Vorlesungsverzeichnisse 1935 - 1975	1935 - 1951	1941	Sommerhalbjahr	1941-Sommerhalbjahr		41132	169
608	Personal- und Vorlesungsverzeichnisse 1935 - 1975	1935 - 1951	1941 / 1942	Winterhalbjahr	1941 / 1942-Winterhalbjahr		41301	79
609	Personal- und Vorlesungsverzeichnisse 1935 - 1975	1935 - 1951	1942	Sommerhalbjahr	1942-Sommerhalbjahr		41380	169
610	Personal- und Vorlesungsverzeichnisse 1935 - 1975	1935 - 1951	1942 / 1943	Winterhalbjahr	1942 / 1943-Winterhalbjahr		41549	101
611	Personal- und Vorlesungsverzeichnisse 1935 - 1975	1935 - 1951	1943	Sommerhalbjahr	1943-Sommerhalbjahr		41650	166
612	Personal- und Vorlesungsverzeichnisse 1935 - 1975	1935 - 1951	1943 / 1944	Winterhalbjahr	1943 / 1944-Winterhalbjahr		41816	91
613	Personal- und Vorlesungsverzeichnisse 1935 - 1975	1935 - 1951	1944	Sommerhalbjahr	1944-Sommerhalbjahr		41907	79
614	Personal- und Vorlesungsverzeichnisse 1935 - 1975	1935 - 1951	1944 / 1945	Winterhalbjahr	1944 / 1945-Winterhalbjahr		41986	91
615	Personal- und Vorlesungsverzeichnisse 1935 - 1975	1935 - 1951	1945	Sommerhalbjahr	1945-Sommerhalbjahr		42077	89
616	Personal- und Vorlesungsverzeichnisse 1935 - 1975	1935 - 1951	1946	Sommerhalbjahr	1946-Sommerhalbjahr		42166	46
617	Personal- und Vorlesungsverzeichnisse 1935 - 1975	1935 - 1951	1947	Sommerhalbjahr	1947-Sommerhalbjahr		42212	63
618	Personal- und Vorlesungsverzeichnisse 1935 - 1975	1935 - 1951	1947 / 1948	Winterhalbjahr	1947 / 1948-Winterhalbjahr		42275	69
619	Personal- und Vorlesungsverzeichnisse 1935 - 1975	1935 - 1951	1948	Sommerhalbjahr	1948-Sommerhalbjahr		42344	75
620	Personal- und Vorlesungsverzeichnisse 1935 - 1975	1935 - 1951	1948 / 1949	Winterhalbjahr	1948 / 1949-Winterhalbjahr		42419	73
621	Personal- und Vorlesungsverzeichnisse 1935 - 1975	1935 - 1951	1949	Sommerhalbjahr	1949-Sommerhalbjahr		42492	97
622	Personal- und Vorlesungsverzeichnisse 1935 - 1975	1935 - 1951	1949 / 1950	Winterhalbjahr	1949 / 1950-Winterhalbjahr		42589	101
623	Personal- und Vorlesungsverzeichnisse 1935 - 1975	1935 - 1951	1950	Sommerhalbjahr	1950-Sommerhalbjahr		42690	101
624	Personal- und Vorlesungsverzeichnisse 1935 - 1975	1935 - 1951	1950 / 1951	Winterhalbjahr	1950 / 1951-Winterhalbjahr		42791	105
625	Personal- und Vorlesungsverzeichnisse 1935 - 1975	1935 - 1951	1951	Sommerhalbjahr	1951-Sommerhalbjahr		42896	103
626	Personal- und Vorlesungsverzeichnisse 1935 - 1975	1935 - 1951	1951 / 1952	Frühjahrsemester	1951 / 1952-Frühjahrsemester		42999	147
627	Personal- und Vorlesungsverzeichnisse 1935 - 1975	1951 - 1957	1951 / 1952	Herbstsemester	1951 / 1952-Herbstsemester		43146	125
628	Personal- und Vorlesungsverzeichnisse 1935 - 1975	1951 - 1957	1951 / 1952	Frühjahrsemester	1951 / 1952-Frühjahrsemester		43271	147
629	Personal- und Vorlesungsverzeichnisse 1935 - 1975	1951 - 1957	1952 / 1953	Herbstsemester	1952 / 1953-Herbstsemester		43418	210
630	Personal- und Vorlesungsverzeichnisse 1935 - 1975	1951 - 1957	1952 / 1953	Frühjahrsemester	1952 / 1953-Frühjahrsemester		43628	178
631	Personal- und Vorlesungsverzeichnisse 1935 - 1975	1951 - 1957	1953 / 1954	Herbstsemester	1953 / 1954-Herbstsemester		43806	200
632	Personal- und Vorlesungsverzeichnisse 1935 - 1975	1951 - 1957	1953 / 1954	Frühjahrsemester	1953 / 1954-Frühjahrsemester		44006	222
633	Personal- und Vorlesungsverzeichnisse 1935 - 1975	1951 - 1957	1954 / 1955	Herbstsemester	1954 / 1955-Herbstsemester		44228	240
634	Personal- und Vorlesungsverzeichnisse 1935 - 1975	1951 - 1957	1954 / 1955	Frühjahrsemester	1954 / 1955-Frühjahrsemester		44468	220
635	Personal- und Vorlesungsverzeichnisse 1935 - 1975	1951 - 1957	1955 / 1956	Herbstsemester	1955 / 1956-Herbstsemester		44688	210
636	Personal- und Vorlesungsverzeichnisse 1935 - 1975	1951 - 1957	1955 / 1956	Frühjahrsemester	1955 / 1956-Frühjahrsemester		44898	198
637	Personal- und Vorlesungsverzeichnisse 1935 - 1975	1951 - 1957	1956 / 1957	Herbstsemester	1956 / 1957-Herbstsemester		45096	196
638	Personal- und Vorlesungsverzeichnisse 1935 - 1975	1951 - 1957	1956 / 1957	Frühjahrsemester	1956 / 1957-Frühjahrsemester		45292	253
639	Personal- und Vorlesungsverzeichnisse 1935 - 1975	1951 - 1957	1957 / 1958	Herbstsemester	1957 / 1958-Herbstsemester		45545	292
640	Personal- und Vorlesungsverzeichnisse 1935 - 1975	1957 - 1975	1957 / 1958	Frühjahrsemester	1957 / 1958-Frühjahrsemester		45837	296
641	Personal- und Vorlesungsverzeichnisse 1935 - 1975	1957 - 1975	1958 / 1959	Herbstsemester	1958 / 1959-Herbstsemester		46133	293
642	Personal- und Vorlesungsverzeichnisse 1935 - 1975	1957 - 1975	1958 / 1959	Frühjahrsemester	1958 / 1959-Frühjahrsemester		46426	295
643	Personal- und Vorlesungsverzeichnisse 1935 - 1975	1957 - 1975	1959 / 1960	Herbstsemester	1959 / 1960-Herbstsemester		46721	293
644	Personal- und Vorlesungsverzeichnisse 1935 - 1975	1957 - 1975	1959 / 1960	Frühjahrsemester	1959 / 1960-Frühjahrsemester		47014	297
645	Personal- und Vorlesungsverzeichnisse 1935 - 1975	1957 - 1975	1960 / 1961	Herbstsemester	1960 / 1961-Herbstsemester		47311	297
646	Personal- und Vorlesungsverzeichnisse 1935 - 1975	1957 - 1975	1960 / 1961	Frühjahrsemester	1960 / 1961-Frühjahrsemester		47608	306
647	Personal- und Vorlesungsverzeichnisse 1935 - 1975	1957 - 1975	1961 / 1962	Herbstsemester	1961 / 1962-Herbstsemester		47914	369
648	Personal- und Vorlesungsverzeichnisse 1935 - 1975	1957 - 1975	1961 / 1962	Frühjahrsemester	1961 / 1962-Frühjahrsemester		48283	314
649	Personal- und Vorlesungsverzeichnisse 1935 - 1975	1957 - 1975	1962 / 1963	Herbstsemester	1962 / 1963-Herbstsemester		48597	330
650	Personal- und Vorlesungsverzeichnisse 1935 - 1975	1957 - 1975	1962 / 1963	Frühjahrsemester	1962 / 1963-Frühjahrsemester		48927	327
651	Personal- und Vorlesungsverzeichnisse 1935 - 1975	1957 - 1975	1963 / 1964	Studienjahr	1963 / 1964-Studienjahr		49254	362
652	Personal- und Vorlesungsverzeichnisse 1935 - 1975	1957 - 1975	1964 / 1965	Studienjahr	1964 / 1965-Studienjahr		49616	389
653	Personal- und Vorlesungsverzeichnisse 1935 - 1975	1957 - 1975	1965 / 1966	Studienjahr	1965 / 1966-Studienjahr		50005	373
654	Personal- und Vorlesungsverzeichnisse 1935 - 1975	1957 - 1975	1966 / 1967	Studienjahr	1966 / 1967-Studienjahr		50378	373
655	Personal- und Vorlesungsverzeichnisse 1935 - 1975	1957 - 1975	1967 / 1968	Studienjahr	1967 / 1968-Studienjahr		50751	452
656	Personal- und Vorlesungsverzeichnisse 1935 - 1975	1957 - 1975	1969 / 1970	Studienjahr	1969 / 1970-Studienjahr		51203	234
657	Personal- und Vorlesungsverzeichnisse 1935 - 1975	1957 - 1975	1970 / 1971	Studienjahr	1970 / 1971-Studienjahr		51437	246
658	Personal- und Vorlesungsverzeichnisse 1935 - 1975	1957 - 1975	1972	Studienjahr	1972-Studienjahr		51683	270
659	Personal- und Vorlesungsverzeichnisse 1935 - 1975	1957 - 1975	1974 / 1975	Studienjahr	1974 / 1975-Studienjahr		51953	265
							52218	
